Self/Self;Self/Nonself;Nonself/Self;Nonself/Nonself;Predicted number of animals at ward of Control;likeliehood of corrct number of animals %;Wads distance to correct number of animals in Cluster;Species;Imputation Stratagy used;Mice itteration;Percentage of Mssing Values;Balanced accuracy;Error Rate Dendrogramm;Overall Score;Weighted Overall Score;Fercentage dataframes missing;Weighted overall score definde 0-1 (negatve values = 0);Range Scale[Wei... Overall Score];Dataframes Remaining;Number of Mistakes/Shuffels needed for correct Cluster classification;Cluster Accuracy;weigted cluster accuracy;Wads distance to correct number of animals in Cluster Prediction Formula;Comments;Number of Trails Controls;Number of animals control;Number of Variables for best Model;Number of Animals in Dataset with 2prints +;Number of trails in Clustermodel;Self/Self in percent;Nonself/nonself in percent;Overall Accuracy;Fehlerrate im Cluster;Precision;Recall;F1 Score;Sensitivity;Specificity;G-mean;Mathews Cooreletaion Coefficiant;Number of animals missing;percentage animals left in databse;percentge missing animals;Wads distance to correct number of animals in Cluster Prediction Formula 2;Wads distance to correct number of animals in Cluster Prediction Formula 3;Wads distance to correct number of animals in Cluster Prediction Formula 4;Cluster Accuracy Prediction Formula;Cluster Accuracy Prediction Formula 3;Cluster Accuracy Predictor;Cluster Accuracy Prediction Formula 2
47;4;93;3426;34;14,8;1,689;Amur Tiger;Miss Forrest;;1;0,947570332;0,227272727;0,868309607;0,868309607;1210;0,868309607;0,933276868;1210;;;0,720297605;1,657862523;;85;44;18;44;85;0,921568627;0,973572038;0,972829132;10,58823529;0,882352941;0,365853659;0,517241379;0,365853659;0,998259356;0,604331728;0,559647642;0;1;0;1,636969342;1,65096087;1,636616262;85,40113069;89,54353006;88,63978663;89,57534443
41;10;123;3396;38;19,3;1,751;Amur Tiger;Miss Forrest;;5;0,884484228;0,136363636;0,882353088;0,882353088;1210;0,882353088;0,940392231;1210;;;0,748120592;1,625934316;;85;44;18;44;85;0,803921569;0,965046888;0,962745098;7,058823529;0,941176471;0,340425532;0,5;0,340425532;0,999125109;0,583204678;0,55731808;0;1;0;1,597424982;1,610681474;1,592689774;86,26913509;90,04713927;88,19688305;90,82675174
46;5;224;3295;35;2,6;1,572;Amur Tiger;Miss Forrest;;10;0,919153169;0,204545455;0,86543767;0,86543767;1210;0,86543767;0,931821753;1210;;;0,714607714;1,653350179;;85;44;18;44;85;0,901960784;0,936345553;0,935854342;12,94117647;0,901960784;0,272189349;0,418181818;0,272189349;0,998529844;0,521334047;0,484474579;0;1;0;1,610196043;1,628653165;1,616899026;85,00408015;89,23648454;87,6158714;88,01983401
45;6;260;3259;30;1,7;1,567;Amur Tiger;Miss Forrest;;15;0,904234157;0,318181818;0,800550137;0,800550137;1210;0,800550137;0,898945403;1210;15;82,35294118;0,586052339;1,647449749;;85;44;18;44;85;0,882352941;0,926115374;0,925490196;14,11764706;0,862745098;0,214634146;0,34375;0,214634146;0,997919762;0,462804123;0,416719515;0;1;0;1,616350865;1,636721866;1,634137461;83,60174814;88,33084675;82,60536364;85,29938616
34;17;134;3385;38;63,4;1,798;Amur Tiger;Miss Forrest;;20;0,814293833;0,136363636;0,846924919;0,846924919;1210;0,846924919;0,922441959;1210;;;0,677930197;1,671104748;;85;44;18;44;85;0,666666667;0,961921;0,957703081;18,82352941;0,823529412;0,200956938;0,323076923;0,200956938;0,997322226;0,447681606;0,392274209;0;1;0;1,632462892;1,653736638;1,656475936;82,7485244;87,80514118;81,55115233;83,75931197
46;5;91;3428;39;16,8;1,71;Amur Tiger;Miss Forrest;;2,5;0,938050583;0,113636364;0,920861826;0,920861826;1210;0,920861826;0,959903325;1210;;;0,824414219;1,710984122;;85;44;18;44;85;0,901960784;0,974140381;0,973109244;20;0,725490196;0,243421053;0,36453202;0,243421053;0,995904037;0,492365727;0,407193965;0;1;0;1,704919003;1,730989517;1,735928164;81,76516052;87,2863603;78,74518107;82,04244174
39;12;66;3453;40;19,5;1,749;Amur Tiger;Mean Imputation;;1;0,872975277;0,090909091;0,899486917;0,899486917;1210;0,899486917;0,949073372;1210;;;0,782066186;1,770656596;;85;44;18;44;85;0,764705882;0,981244672;0,978151261;12,94117647;0,803921569;0,398058252;0,532467532;0,398058252;0,997115662;0,63000803;0,557428386;0;1;0;1,78300888;1,830100835;1,772167031;80,28695751;87,27843056;88,08562878;86,95837299
40;11;132;3387;38;12,9;1,751;Amur Tiger;Mean Imputation;;5;0,873401535;0,136363636;0,876759167;0,876759167;1210;0,876759167;0,937557978;1210;;;0,737037898;1,753332886;;85;44;18;44;85;0,784313725;0,962489344;0,959943978;14,11764706;0,803921569;0,277027027;0,412060302;0,277027027;0,997077732;0,525563964;0,460460855;0;1;0;1,756806975;1,810205818;1,757440702;79,514774;86,74415089;82,25377118;84,41222643
25;26;145;3374;40;33,9;1,795;Amur Tiger;Mean Imputation;;10;0,724495595;0,090909091;0,824542714;0,824542714;1210;0,824542714;0,911101642;1210;;;0,633586504;1,789350417;;85;44;18;44;85;0,490196078;0,958795112;0,95210084;20;0,745098039;0,258503401;0,383838384;0,258503401;0,996202162;0,507465908;0,426487028;0;1;0;1,786721622;1,843094133;1,796565848;78,35505583;86,0387027;78,74518107;82,19926538
15;36;87;3432;43;83,7;1,869;Amur Tiger;Mean Imputation;;15;0,634697357;0,022727273;0,813631959;0,813631959;1210;0,813631959;0,905573526;1210;;;0,611970084;1,840119899;;85;44;18;44;85;0,294117647;0,975277067;0,965546218;31,76470588;0,333333333;0,129770992;0,186813187;0,129770992;0,990430622;0,358509644;0,190513504;0;1;0;1,956556174;2,036919516;2,048603668;70,10649515;81,20742127;70,63548599;66,51023126
24;27;201;3318;41;77,3;1,837;Amur Tiger;Mean Imputation;;20;0,706734868;0,068181818;0,827049547;0,827049547;1210;0,827049547;0,91237177;1210;;;0,63855305;1,860678118;;85;44;18;44;85;0,470588235;0,9428815;0,936134454;37,64705882;0,352941176;0,110429448;0,168224299;0,110429448;0,990314059;0,330695985;0,177215708;0;1;0;1,921925058;1,986935523;2,00890603;70,23464969;81,06659609;70,02206903;66,61380545
41;10;69;3450;40;21,7;1,748;Amur Tiger;Mean Imputation;;2,5;0,892156863;0,090909091;0,909168705;0,909168705;1210;0,909168705;0,95397881;1210;;;0,801247772;1,806164456;many mistakes in clustzer not 100% sure if counted correctly;85;44;18;44;85;0,803921569;0,980392157;0,977871148;41,17647059;0,352941176;0,072289157;0,12;0,072289157;0,990063234;0,267527263;0,133842025;0;1;0;1,858789705;1,906917607;1,947220789;68,7589212;80,04552828;71,81228982;65,18216736
36;15;49;3470;40;22,2;1,766;Amur Tiger;Deletion of every row with missing values;;1;0,845978971;0,090909091;0,885860699;0,885860699;;0,885860699;0,942169421;1078;;;0,75506988;1,886189273;;85;44;18;44;85;0,705882353;0,98607559;0,982072829;14,11764706;0,705882353;0,423529412;0,529411765;0,423529412;0,995695839;0,649389308;0,538596549;0;1;0;1,863627865;1,906437463;1,88368429;85,47950801;85,31995805;84,47073977;86,06825656
17;34;18;3501;57;10,6;2,182;Amur Tiger;Deletion of every row with missing values;;2,5;0,664109122;0,295454545;0,690819957;0,690819957;;0,690819957;0,843348778;929;;;0,368654576;2,337588332;;85;44;18;44;85;0,333333333;0,99488491;0,985434174;27,05882353;0,333333333;0,485714286;0,395348837;0,485714286;0,98897893;0,693080944;0,394267609;0;1;0;2,288248386;2,333980152;2,332788283;80,00881271;81,37056865;73,03684254;74,25992837
3;39;7;2801;64;0;2,697;Amur Tiger;Deletion of every row with missing values;;5;0,534467847;0,454545455;0,545084168;0,522356895;;0,522356895;0,75799416;761;;;0,079922392;2,429503173;Only 25 % of the dataframes left!!!;85;44;18;43;76;0,071428571;0,997507123;0,983859649;40,78947368;0,071428571;0,3;0,115384615;0,3;0,98630137;0,543958097;0,140492556;1;0,977272727;0,022727273;2,447170096;2,576896725;2,569471765;68,43624801;72,1990872;61,29889851;62,31694689
0;6;7;422;21;;;Amur Tiger;Deletion of every row with missing values;;10;0,491841492;0,522727273;0,489154426;0,057336244;;0,057336244;0,522383697;641;;;-0,030885781;;only little mistakes in clusters as there were very little animals with more than 1 trail left+ they were all missclasified!;85;44;18;25;30;0;0,983682984;0,970114943;20;0;0;;0;0,985981308;0;-0,015124259;19;0,568181818;0,431818182;;;;37,46341605;34,63250197;49,18620247;
0;1;1;0;0;;;Amur Tiger;Deletion of every row with missing values;;15;0;1;0;-0,772727273;;0;0,101818182;616;;;-1;;error not enough data to estimate covarianz matrix;85;44;18;10;1;0;0;0;100;0;0;;0;0;0;-1;34;0,227272727;0,772727273;;;;7,239395415;1,539302504;4,787732157;
0;1;1;0;0;;;Amur Tiger;Deletion of every row with missing values;;20;0;1;0;-0,954545455;;0;0,00969697;607;;;-1;;error not enough data to estimate covarianz matrix;85;44;18;2;1;0;0;0;100;0;0;;0;0;0;-1;42;0,045454545;0,954545455;;;;11,44312085;1,539302504;4,787732157;
45;6;84;3435;38;25,9;1,75;Amur Tiger;Control;;0;0,929241262;0,136363636;0,904943925;0,904943925;1210;0,904943925;0,951838255;1210;;;0,792877625;1,708034212;;85;44;18;44;85;0,882352941;0,976129582;0,974789916;12,94117647;0,882352941;0,348837209;0,5;0,348837209;0,998256321;0,590109269;0,5458697;0;1;0;1,687604843;1,700647459;1,693608047;86,1372139;89,32919137;87,6158714;88,41619158
45;6;76;3443;37;10;1,677;Amur Tiger;MIssRanger;;1;0,930377948;0,159090909;0,89404621;0,89404621;1210;0,89404621;0,946316746;1210;;;0,771287039;1,65098315;;85;44;18;44;85;0,882352941;0,978402955;0,977030812;12,94117647;0,882352941;0,357142857;0,508474576;0,357142857;0,99825784;0,597093508;0,552637559;0;1;0;1,635748359;1,663700015;1,611098869;86,48515571;88,23515408;88,59224642;88,59261555
48;3;86;3433;36;4,1;1,578;Amur Tiger;MIssRanger;;2,5;0,958368855;0,181818182;0,896702996;0,896702996;1210;0,896702996;0,947662851;1210;;;0,776550673;1,63520586;;85;44;18;44;85;0,941176471;0,975561239;0,975070028;11,76470588;0,921568627;0,335714286;0,492146597;0,335714286;0,998833819;0,579070619;0,547236341;0;1;0;1,608702847;1,636420983;1,581560458;87,02950604;88,54714779;88,0099629;89,32513574
43;8;128;3391;34;4,8;1,66;Amur Tiger;MIssRanger;;5;0,903381643;0,227272727;0,846005638;0,846005638;1210;0,846005638;0,92197619;1210;;;0,676108915;1,623988472;;85;44;18;44;85;0,843137255;0,96362603;0,961904762;9,411764706;0,862745098;0,27672956;0,419047619;0,27672956;0,997947816;0,525510856;0,477493638;0;1;0;1,6337095;1,666810787;1,619363536;85,5265952;87,60424196;87,6158714;86,16665979
36;15;121;3398;37;15,1;1,725;Amur Tiger;MIssRanger;;10;0,835748792;0,159090909;0,846282727;0,846282727;1210;0,846282727;0,922116581;1210;;;0,676657883;1,616266951;;85;44;18;44;85;0,705882353;0,965615232;0,961904762;11,76470588;0,862745098;0,212560386;0,341085271;0,212560386;0,997918525;0,460562642;0,414536212;0;1;0;1,615588205;1,649263995;1,608550298;84,70293279;87,03434365;82,60536364;84,43769352
30;21;83;3436;40;36,5;1,803;Amur Tiger;MIssRanger;;15;0,782324524;0,090909091;0,853731509;0,853731509;1210;0,853731509;0,925890631;1210;;;0,691415433;1,661850979;;85;44;18;44;85;0,588235294;0,976413754;0,970868347;18,82352941;0,823529412;0,219895288;0,347107438;0,219895288;0,997337278;0,468305208;0,411949089;0;1;0;1,639987983;1,675229967;1,636802125;84,19040199;86,74609571;82,25377118;83,51012872
23;28;61;3458;43;95,5;1,904;Amur Tiger;MIssRanger;;20;0,716822961;0,022727273;0,855084351;0,855084351;1210;0,855084351;0,926576071;1210;;;0,694095688;1,69980425;;85;44;18;44;85;0,450980392;0,98266553;0,975070028;22,35294118;0,705882353;0,220858896;0,336448598;0,220858896;0,9955973;0,46892059;0,380763375;0;1;0;1,707591073;1,747611707;1,718774117;82,31961586;85,64389424;78,33035481;80,08182537
47;4;78;3441;39;15;1,693;Amur Tiger;MICE PMM;1;1;0,94970162;0,113636364;0,926742615;0,926742615;;0,926742615;0,962882925;;;;0,836065256;;;85;44;18;44;85;0,921568627;0,977834612;0,977030812;;;;;;;;;;;;;;;;;;
38;13;69;3450;37;40,3;1,823;Amur Tiger;MICE PMM;2;1;0,862745098;0,159090909;0,859908945;0,859908945;;0,859908945;0,929020532;;;;0,703654189;;;85;44;18;44;85;0,745098039;0,980392157;0,977030812;;;;;;;;;;;;;;;;;;
41;10;78;3441;36;17,2;1,747;Amur Tiger;MICE PMM;3;1;0,89087809;0,181818182;0,862637449;0,862637449;;0,862637449;0,930402974;;;;0,709059909;;;85;44;18;44;85;0,803921569;0,977834612;0,97535014;;;;;;;;;;;;;;;;;;
42;9;72;3447;42;20,5;1,717;Amur Tiger;MICE PMM;1;2,5;0,901534527;0,045454545;0,936844924;0,936844924;;0,936844924;0,968001428;;;;0,856079981;;;85;44;18;44;85;0,823529412;0,979539642;0,977310924;;;;;;;;;;;;;;;;;;
42;9;85;3434;38;45,1;1,808;Amur Tiger;MICE PMM;2;2,5;0,899687411;0,136363636;0,890026801;0,890026801;;0,890026801;0,944280246;;;;0,763323775;;;85;44;18;44;85;0,823529412;0,975845411;0,973669468;;;;;;;;;;;;;;;;;;
39;12;87;3432;39;21,2;1,762;Amur Tiger;MICE PMM;3;2,5;0,869991475;0,113636364;0,886509411;0,886509411;;0,886509411;0,942498102;;;;0,756355111;;;85;44;18;44;85;0,764705882;0,975277067;0,972268908;;;;;;;;;;;;;;;;;;
43;8;78;3441;38;13,8;1,715;Amur Tiger;MICE PMM;1;5;0,910485934;0,136363636;0,895477288;0,895477288;;0,895477288;0,947041826;;;;0,774122297;;;85;44;18;44;85;0,843137255;0,977834612;0,975910364;;;;;;;;;;;;;;;;;;
47;4;75;3444;40;34,5;1,766;Amur Tiger;MICE PMM;2;5;0,950127877;0,090909091;0,938429217;0,938429217;;0,938429217;0,968804136;;;;0,859218786;;;85;44;18;44;85;0,921568627;0,978687127;0,977871148;;;;;;;;;;;;;;;;;;
44;7;106;3413;37;8;1,685;Amur Tiger;MICE PMM;3;5;0,916311452;0,159090909;0,886946232;0,886946232;;0,886946232;0,942719424;;;;0,757220543;;;85;44;18;44;85;0,862745098;0,969877806;0,968347339;;;;;;;;;;;;;;;;;;
41;10;104;3415;39;13,4;1,677;Amur Tiger;MICE PMM;1;10;0,887183859;0,113636364;0,895187161;0,895187161;;0,895187161;0,946894828;;;;0,773547495;;;85;44;18;44;85;0,803921569;0,970446149;0,968067227;;;;;;;;;;;;;;;;;;
28;23;62;3457;43;62,3;1,827;Amur Tiger;MICE PMM;2;10;0,765700483;0,022727273;0,879754979;0,879754979;;0,879754979;0,939075856;;;;0,74297321;;;85;44;18;44;85;0,549019608;0,982381358;0,976190476;;;;;;;;;;;;;;;;;;
38;13;91;3428;40;74,7;1,775;Amur Tiger;MICE PMM;3;10;0,85961921;0,090909091;0,892745525;0,892745525;;0,892745525;0,945657733;;;;0,768710119;;;85;44;18;44;85;0,745098039;0,974140381;0,970868347;;;;;;;;;;;;;;;;;;
29;22;88;3431;43;90,3;1,895;Amur Tiger;MICE PMM;1;15;0,771810173;0,022727273;0,882838808;0,882838808;;0,882838808;0,940638329;;;;0,749082901;;;85;44;18;44;85;0,568627451;0,974992896;0,969187675;;;;;;;;;;;;;;;;;;
24;27;98;3421;41;84,1;1,881;Amur Tiger;MICE PMM;2;15;0,721369707;0,068181818;0,834436392;0,834436392;;0,834436392;0,916114439;;;;0,653187889;;;85;44;18;44;85;0,470588235;0,972151179;0,964985994;;;;;;;;;;;;;;;;;;
27;24;111;3408;38;21,7;1,767;Amur Tiger;MICE PMM;3;15;0,748934356;0,136363636;0,813935126;0,813935126;;0,813935126;0,905727131;;;;0,61257072;;;85;44;18;44;85;0,529411765;0,968456948;0,962184874;;;;;;;;;;;;;;;;;;
26;25;82;3437;43;94,4;1,939;Amur Tiger;MICE PMM;1;20;0,743250924;0,022727273;0,868423702;0,868423702;;0,868423702;0,933334676;;;;0,720523651;;;85;44;18;44;85;0,509803922;0,976697926;0,970028011;;;;;;;;;;;;;;;;;;
21;30;79;3440;43;91;1,901;Amur Tiger;MICE PMM;2;20;0,694657573;0,022727273;0,843896508;0,843896508;;0,843896508;0,920907564;;;;0,6719303;;;85;44;18;44;85;0,411764706;0,97755044;0,969467787;;;;;;;;;;;;;;;;;;
31;20;120;3399;40;55,8;1,854;Amur Tiger;MICE PMM;3;20;0,78687127;0,090909091;0,856026451;0,856026451;;0,856026451;0,927053402;;;;0,695962179;;;85;44;18;44;85;0,607843137;0,965899403;0,960784314;;;;;;;;;;;;;;;;;;
43;8;59;3460;40;55,8;1,822;Amur Tiger;MICE RF;1;1;0,913185564;0,090909091;0,919782812;0,919782812;;0,919782812;0,959356625;;;;0,822276473;;;85;44;18;44;85;0,843137255;0,983233873;0,981232493;;;;;;;;;;;;;;;;;;
44;7;58;3461;40;28,8;1,743;Amur Tiger;MICE RF;2;1;0,923131571;0,090909091;0,924802998;0,924802998;;0,924802998;0,961900186;;;;0,832222481;;;85;44;18;44;85;0,862745098;0,983518045;0,981792717;;;;;;;;;;;;;;;;;;
44;7;74;3445;38;53,3;1,823;Amur Tiger;MICE RF;3;1;0,920858198;0,136363636;0,900712625;0,900712625;;0,900712625;0,949694397;;;;0,784494562;;;85;44;18;44;85;0,862745098;0,978971299;0,977310924;;;;;;;;;;;;;;;;;;
36;15;47;3472;46;67,3;2,01;Amur Tiger;MICE RF;1;2,5;0,846263143;0,045454545;0,908947034;0,908947034;;0,908947034;0,953866497;;;;0,800808597;;;85;44;18;44;85;0,705882353;0,986643933;0,982633053;;;;;;;;;;;;;;;;;;
39;12;61;3458;41;42,4;1,813;Amur Tiger;MICE RF;2;2,5;0,873685706;0,068181818;0,911316953;0,911316953;;0,911316953;0,955067256;;;;0,805503888;;;85;44;18;44;85;0,764705882;0,98266553;0,979551821;;;;;;;;;;;;;;;;;;
28;23;33;3486;47;44,7;2,046;Amur Tiger;MICE RF;3;2,5;0,769820972;0,068181818;0,858891869;0,858891869;;0,858891869;0,928505214;;;;0,701639154;;;85;44;18;44;85;0,549019608;0,990622336;0,984313725;;;;;;;;;;;;;;;;;;
27;24;48;3471;42;86,4;1,923;Amur Tiger;MICE RF;1;5;0,757885763;0,045454545;0,864339097;0,864339097;;0,864339097;0,931265142;;;;0,712431218;;;85;44;18;44;85;0,529411765;0,986359761;0,979831933;;;;;;;;;;;;;;;;;;
27;24;64;3455;43;92,9;1,923;Amur Tiger;MICE RF;2;5;0,75561239;0,022727273;0,874663076;0,874663076;;0,874663076;0,936495959;;;;0,732885117;;;85;44;18;44;85;0,529411765;0,981813015;0,97535014;;;;;;;;;;;;;;;;;;
38;13;83;3436;37;8,1;1,714;Amur Tiger;MICE RF;3;5;0,860755897;0,159090909;0,858904908;0,858904908;;0,858904908;0,92851182;;;;0,701664987;;;85;44;18;44;85;0,745098039;0,976413754;0,973109244;;;;;;;;;;;;;;;;;;
25;26;58;3461;40;45,5;1,849;Amur Tiger;MICE RF;1;10;0,736857062;0,090909091;0,830782088;0,830782088;;0,830782088;0,914262924;;;;0,645947971;;;85;44;18;44;85;0,490196078;0,983518045;0,976470588;;;;;;;;;;;;;;;;;;
31;20;91;3428;44;100;1,895;Amur Tiger;MICE RF;2;10;0,790991759;0;0,903992045;0,903992045;;0,903992045;0,95135597;;;;0,790991759;;;85;44;18;44;85;0,607843137;0,974140381;0,968907563;;;;;;;;;;;;;;;;;;
27;24;86;3433;40;56,8;1,836;Amur Tiger;MICE RF;3;10;0,752486502;0,090909091;0,838670951;0,838670951;;0,838670951;0,918259949;;;;0,661577411;;;85;44;18;44;85;0,529411765;0,975561239;0,969187675;;;;;;;;;;;;;;;;;;
24;27;87;3432;40;76,7;1,854;Amur Tiger;MICE RF;1;15;0,722932651;0,090909091;0,823753827;0,823753827;;0,823753827;0,910701939;;;;0,63202356;;;85;44;18;44;85;0,470588235;0,975277067;0,968067227;;;;;;;;;;;;;;;;;;
22;29;86;3433;40;76,7;1,884;Amur Tiger;MICE RF;2;15;0,703466894;0,090909091;0,813928606;0,813928606;;0,813928606;0,905723827;;;;0,612557803;;;85;44;18;44;85;0,431372549;0,975561239;0,967787115;;;;;;;;;;;;;;;;;;
18;33;69;3450;43;84;1,914;Amur Tiger;MICE RF;3;15;0,666666667;0,022727273;0,829768271;0,829768271;;0,829768271;0,913749257;;;;0,643939394;;;85;44;18;44;85;0,352941176;0,980392157;0,971428571;;;;;;;;;;;;;;;;;;
9;42;91;3428;45;86,6;1,955;Amur Tiger;MICE RF;1;20;0,575305485;0,022727273;0,783654278;0,783654278;;0,783654278;0,890384834;;;;0,552578212;;;85;44;18;44;85;0,176470588;0,974140381;0,962745098;;;;;;;;;;;;;;;;;;
18;33;81;3438;45;82,5;1,958;Amur Tiger;MICE RF;2;20;0,664961637;0,022727273;0,828907668;0,828907668;;0,828907668;0,913313218;;;;0,642234364;;;85;44;18;44;85;0,352941176;0,976982097;0,968067227;;;;;;;;;;;;;;;;;;
19;32;111;3408;40;89;1,912;Amur Tiger;MICE RF;3;20;0,670502984;0,090909091;0,797290276;0,797290276;;0,797290276;0,89729374;;;;0,579593893;;;85;44;18;44;85;0,37254902;0,968456948;0,959943978;;;;;;;;;;;;;;;;;;
116;10;35;5725;38;100;1,877;Cheetah;Miss Forrest;;1;0,957279266;0;0,987924639;0,987924639;1562;0,987924639;0,993881817;1562;;;0,957279266;1,81525891;;109;38;18;38;109;0,920634921;0,993923611;0,99235474;6,422018349;0,936507937;0,781456954;0,85198556;0,781456954;0,998605057;0,883383759;0,852094571;0;1;0;1,795602076;1,765931959;1,799390543;96,34181206;96,13371968;94,40157524;98,07504341
120;6;41;5719;38;100;1,791;Cheetah;Miss Forrest;;2,5;0,972631448;0;0,995673558;0,995673558;1562;0,995673558;0,997807936;1562;;;0,972631448;1,800612266;;109;38;18;38;109;0,952380952;0,992881944;0,992014951;5,504587156;0,936507937;0,746835443;0,830985915;0,746835443;0,998603352;0,863592715;0,832425786;0;1;0;1,78927663;1,76298705;1,792968253;96,22169463;96,05060951;94,40157524;97,62406395
125;1;62;5698;35;24,7;1,602;Cheetah;Miss Forrest;;5;0,990649802;0,078947368;0,964920014;0,964920014;1562;0,964920014;0,98222614;1562;;;0,911702433;1,762431875;;109;38;18;38;109;0,992063492;0,989236111;0,989296636;5,504587156;0,96031746;0,699421965;0,809364548;0,699421965;0,999124803;0,835948463;0,815181166;0;1;0;1,754106908;1,732322296;1,757263735;97,14117792;96,58983736;94,40157524;97,90365937
123;3;166;5594;34;2,9;1,558;Cheetah;Miss Forrest;;10;0,973685516;0,105263158;0,943074663;0,943074663;1562;0,943074663;0,971157829;1562;;;0,868422358;1,711547876;;109;38;18;38;109;0,976190476;0,971180556;0,971287802;5,504587156;0,976190476;0,510373444;0,670299728;0,510373444;0,999468556;0,7142144;0,698038842;0;1;0;1,713998678;1,711291763;1,720945267;96,75890804;96,26069547;94,13154014;95,41315335
126;0;295;5465;31;5,2;1,486;Cheetah;Miss Forrest;;15;0,974392361;0,184210526;0,903583241;0,903583241;1562;0,903583241;0,951148842;1562;;;0,790181835;1,690066397;;109;38;18;38;109;1;0,948784722;0,949881074;5,504587156;0,992063492;0,457875458;0,626566416;0,457875458;0,999821842;0,676604673;0,665059775;0;1;0;1,693606659;1,696402155;1,702487655;96,99438496;96,35897732;94,05507172;94,95592646
118;8;450;5310;32;38;1,587;Cheetah;Miss Forrest;;20;0,929191468;0,157894737;0,894051102;0,894051102;1562;0,894051102;0,946319225;1562;;;0,771296731;1,719281308;;109;38;18;38;109;0,936507937;0,921875;0,922188243;9,174311927;0,952380952;0,32967033;0,489795918;0,32967033;0,998913437;0,573857231;0,546825152;0;1;0;1,713192234;1,72503031;1,73122571;93,4713953;94,08300997;90,92584385;90,56909959
94;6;34;5726;37;97,5;1,887;Cheetah;Mean Imputation;;1;0,967048611;0,026315789;0,979572923;0,979572923;1562;0,979572923;0,989650281;1562;;;0,940732822;1,943275398;;109;38;18;38;109;0,94;0,994097222;0,993174061;6,422018349;0,888888889;0,767123288;0,823529412;0,767123288;0,997560976;0,874786977;0,821708941;0;1;0;1,938700676;1,942548648;1,926876784;90,18565917;93,21231291;94,16970115;95,19106174
117;9;55;5705;39;46,3;1,93;Cheetah;Mean Imputation;;2,5;0,959511409;0,026315789;0,975768567;0,975768567;1562;0,975768567;0,987722741;1562;;;0,933195619;1,834886817;;109;38;18;38;109;0,928571429;0,990451389;0,989126741;3,669724771;0,96031746;0,720238095;0,823129252;0,720238095;0,999125568;0,848297292;0,827615659;0;1;0;1,845630657;1,853020393;1,831734002;93,33878064;95,10307274;94,40157524;97,39699491
116;10;102;5658;39;39;1,94;Cheetah;Mean Imputation;;5;0,951463294;0,026315789;0,97170633;0,97170633;1562;0,97170633;0,985664541;1562;;;0,925147504;1,847668823;;109;38;18;38;109;0,920634921;0,982291667;0,980971797;3,669724771;0,928571429;0,632432432;0,752411576;0,632432432;0,99842133;0,794628234;0,760490105;0;1;0;1,867434589;1,883562471;1,855347147;91,47789646;93,94480566;94,40157524;94,88714735
110;16;135;5625;39;38;1,906;Cheetah;Mean Imputation;;10;0,924789187;0,026315789;0,958242739;0,958242739;1562;0,958242739;0,978842988;1562;;;0,898473397;1,979249361;;109;38;18;38;109;0,873015873;0,9765625;0,974345906;11,9266055;0,80952381;0,507462687;0,623853211;0,507462687;0,995778364;0,710858892;0,631455586;0;1;0;1,971751108;1,998391988;1,966907595;85,31895332;90,16823417;89,5522072;88,35523402
102;24;369;5391;38;100;1,89;Cheetah;Mean Imputation;;15;0,872730655;0;0,945249249;0,945249249;1562;0,945249249;0,972259619;1562;;;0,872730655;1,937641971;;109;38;18;38;109;0,80952381;0,9359375;0,933231397;16,51376147;0,80952381;0,281767956;0,418032787;0,281767956;0,995655322;0,529663822;0,460497742;0;1;0;1,91559677;1,954974279;1,924961562;82,55625231;88,25670025;81,972716;83,56602579
103;23;886;4874;36;77,6;1,869;Cheetah;Mean Imputation;;20;0,831820437;0,052631579;0,898034604;0,898034604;1562;0,898034604;0,948337533;1562;;;0,779188858;1,946270569;;109;38;18;38;109;0,817460317;0,846180556;0,845565749;22,01834862;0,738095238;0,165480427;0,270348837;0,165480427;0,993801653;0,405530174;0,323413084;0;1;0;1,916785452;1,947378907;1,936348342;75,59369219;83,73016072;76,41973074;77,29853684
99;27;37;5723;41;;;Cheetah;Deletion of every row with missing values;;1;0,889645337;0,078947368;0,913938633;0,913938633;;0,913938633;0,956395574;1393;;;0,810697969;2,144075974;;109;38;18;38;109;0,785714286;0,993576389;0,989126741;10,09174312;0,785714286;0,727941176;0,755725191;0,727941176;0,995304348;0,851189179;0,750745291;0;1;0;2,05922665;2,06006704;2,071733989;92,10259181;89,24600114;90,25638977;92,36084458
72;54;19;5741;58;0;2,727;Cheetah;Deletion of every row with missing values;;2,5;0,78406498;0,526315789;0,634841147;0,634841147;;0,634841147;0,814986181;1202;;;0,257749191;2,543950674;;109;38;18;38;109;0,571428571;0,996701389;0,987597689;22,01834862;0,581395349;0,79787234;0,67264574;0,79787234;0,990681622;0,889065501;0,675174402;0;1;0;2,377614586;2,38163362;2,395779642;81,58766608;82,32586326;82,48628386;84,48948358
11;91;6;4645;81;0;3,199;Cheetah;Deletion of every row with missing values;;5;0,553276546;1,131578947;0,212849262;0,212849262;;0,212849262;0,60117696;991;;;-0,578302401;3,370136281;Only 25 % of the dataframes left!!! 38 cheetahs in total but 4 with only 1 print!;109;38;18;38;98;0,107843137;0,998709955;0,979591837;30,6122449;0,107843137;0,647058824;0,18487395;0,647058824;0,980785473;0,796634103;0,258647929;0;1;0;3,089464249;3,154670996;3,136986479;60,91007923;69,41746976;66,66920238;62,90742727
0;22;0;839;41;0;4,06;Cheetah;Deletion of every row with missing values;;10;0,5;0,078947368;0,717267552;0,3488465;;0,3488465;0,670082226;836;;;0,421052632;;check error rate dendrogramm calkulation and penelize error;109;38;18;24;42;0;1;0,974448316;30,95238095;0;;;;0,974448316;;;14;0,631578947;0,368421053;;;;40,61339765;42,34596421;59,29398391;
0;1;1;0;0;;;Cheetah;Deletion of every row with missing values;;15;0;1;0;-0,710526316;;0;0,133333333;795;;;-1;;error when Running insgesamt 11 tiere übrig allerdings nur 2x2 prints;109;38;18;11;1;0;0;0;100;0;0;;0;0;0;-1;27;0,289473684;0,710526316;;;;2,444220407;3,248888141;5,932332395;
0;1;1;0;0;;;Cheetah;Deletion of every row with missing values;;20;0;1;0;-0,973684211;;0;0;782;;;-1;;error when Running insgesamt 1tier mit einem Abdruck übrig;109;38;18;1;1;0;0;0;100;0;0;;0;0;0;-1;37;0,026315789;0,973684211;;;;7,698877195;3,248888141;5,932332395;
117;9;37;5723;38;100;1,837;Cheetah;Control;;0;0,961073909;0;0,989839962;0,989839962;1562;0,989839962;0,994852247;1562;;;0,961073909;1,85797732;;109;38;18;38;109;0,928571429;0,993576389;0,992184845;6,422018349;0,928571429;0,75974026;0,835714286;0,75974026;0,998429867;0,870946248;0,836148867;0;1;0;1,854065757;1,824513606;1,862851381;96,73708157;95,71589261;94,40157524;96,67883877
118;8;38;5722;33;68,8;1,811;Cheetah;MIssRanger;;1;0,964955357;0,131578947;0,925385436;0,925385436;1562;0,925385436;0,962195288;1562;;;0,83337641;1,792774158;;109;38;18;38;109;0,936507937;0,993402778;0,992184845;6,422018349;0,936507937;0,766233766;0,842857143;0,766233766;0,998604327;0,874736734;0,843502641;0;1;0;1,792785374;1,777953961;1,771452709;97,42583708;94,8253437;94,40157524;97,0782905
116;10;37;5723;35;47,1;1,77;Cheetah;MIssRanger;;2,5;0,957105655;0,078947368;0,947988812;0,947988812;1562;0,947988812;0,973647665;1562;;;0,878158286;1,793143901;;109;38;18;38;109;0,920634921;0,993576389;0,992014951;6,422018349;0,928571429;0,735849057;0,821052632;0,735849057;0,998428497;0,857142151;0,822481033;0;1;0;1,796609575;1,784838475;1,77547727;96,94774631;94,52687227;94,40157524;96,36352584
118;8;31;5729;36;68,7;1,783;Cheetah;MIssRanger;;5;0,965562996;0,052631579;0,965540336;0,965540336;1562;0,965540336;0,982540437;1562;;;0,912931417;1,744312474;;109;38;18;38;109;0,936507937;0,994618056;0,993374108;5,504587156;0,968253968;0,734939759;0,835616438;0,734939759;0,999300699;0,856986473;0,839834779;0;1;0;1,750449922;1,738382354;1,728183964;98,78909188;95,63929722;94,42331177;97,91142755
119;7;71;5689;38;100;1,817;Cheetah;MIssRanger;;10;0,966059028;0;0,99235617;0,99235617;1562;0,99235617;0,996127126;1562;;;0,966059028;1,692907264;;109;38;18;38;109;0,944444444;0,987673611;0,986748216;3,669724771;0,968253968;0,521367521;0,677777778;0,521367521;0,999292286;0,721802287;0,702856304;0;1;0;1,723009974;1,732417859;1,70469339;97,62223679;94,83194128;93,94461998;94,52419733
118;8;82;5678;37;;;Cheetah;MIssRanger;;15;0,961135913;0,026315789;0,976588525;0,976588525;1562;0,976588525;0,988138186;1562;;;0,934820123;1,651740293;;109;38;18;38;109;0,936507937;0,985763889;0,98470948;3,669724771;0,992063492;0,385802469;0,555555556;0,385802469;0,999820209;0,621074154;0,607650765;0;1;0;1,686235254;1,708919508;1,674226742;97,25474756;94,48070302;94,05507172;92,55692744
114;12;153;5607;37;0,815;1,768;Cheetah;MIssRanger;;20;0,939099702;0,026315789;0,965465884;0,965465884;1562;0,965465884;0,982502715;1562;;;0,912783913;1,688479968;;109;38;18;38;109;0,904761905;0,9734375;0,97196738;8,256880734;0,928571429;0,255458515;0,400684932;0,255458515;0,998341931;0,505009849;0,469730246;0;1;0;1,715082264;1,742218813;1,714364184;91,81701586;90,9768807;86,11790147;86,79634386
116;10;33;5727;37;88,1;1,859;Cheetah;MICE PMM;1;1;0,957452877;0,026315789;0,974729536;0,974729536;;0,974729536;0,987196298;;;;0,931137088;;;109;38;18;38;109;0,920634921;0,994270833;0,992694529;;;;;;;;;;;;;;;;;;
116;10;29;5731;37;72,7;1,802;Cheetah;MICE PMM;2;1;0,957800099;0,026315789;0,974904794;0,974904794;;0,974904794;0,987285096;;;;0,93148431;;;109;38;18;38;109;0,920634921;0,994965278;0,993374108;;;;;;;;;;;;;;;;;;
113;13;33;5727;37;86,7;1,816;Cheetah;MICE PMM;3;1;0,945548115;0,026315789;0,96872068;0,96872068;;0,96872068;0,984151811;;;;0,919232326;;;109;38;18;38;109;0,896825397;0,994270833;0,992184845;;;;;;;;;;;;;;;;;;
114;12;42;5718;38;100;1,787;Cheetah;MICE PMM;1;2,5;0,948735119;0;0,983612034;0,983612034;;0,983612034;0,991696764;;;;0,948735119;;;109;38;18;38;109;0,904761905;0,992708333;0,990825688;;;;;;;;;;;;;;;;;;
114;12;33;5727;38;100;1,807;Cheetah;MICE PMM;2;2,5;0,949516369;0;0,984006365;0,984006365;;0,984006365;0,991896558;;;;0,949516369;;;109;38;18;38;109;0,904761905;0,994270833;0,99235474;;;;;;;;;;;;;;;;;;
115;11;34;5729;37;61,4;1,804;Cheetah;MICE PMM;3;2,5;0,953399354;0,026315789;0,972683545;0,972683545;;0,972683545;0,986159663;;;;0,927083564;;;109;38;18;38;109;0,912698413;0,994100295;0,992358635;;;;;;;;;;;;;;;;;;
115;11;39;5721;38;100;1,848;Cheetah;MICE PMM;1;5;0,95296379;0;0,985746429;0,985746429;;0,985746429;0,992778191;;;;0,95296379;;;109;38;18;38;109;0,912698413;0,993229167;0,991505267;;;;;;;;;;;;;;;;;;
110;16;40;5720;38;100;1,891;Cheetah;MICE PMM;2;5;0,933035714;0;0,975687856;0,975687856;;0,975687856;0,987681847;;;;0,933035714;;;109;38;18;38;109;0,873015873;0,993055556;0,990485899;;;;;;;;;;;;;;;;;;
111;15;33;5727;37;98,3;1,896;Cheetah;MICE PMM;3;5;0,937611607;0,026315789;0,964714777;0,964714777;;0,964714777;0,982122154;;;;0,911295818;;;109;38;18;38;109;0,880952381;0,994270833;0,991845056;;;;;;;;;;;;;;;;;;
106;20;42;5718;41;42,6;2;Cheetah;MICE PMM;1;10;0,916989087;0,078947368;0,927740222;0,927740222;;0,927740222;0,963388379;;;;0,838041719;;;109;38;18;38;109;0,841269841;0,992708333;0,989466531;;;;;;;;;;;;;;;;;;
104;22;61;5699;41;31,5;1,996;Cheetah;MICE PMM;2;10;0,907403274;0,078947368;0,922901842;0,922901842;;0,922901842;0,960936933;;;;0,828455905;;;109;38;18;38;109;0,825396825;0,989409722;0,985898743;;;;;;;;;;;;;;;;;;
100;26;49;5711;44;10,1;2,087;Cheetah;MICE PMM;3;10;0,892571925;0,157894737;0,875567613;0,875567613;;0,875567613;0,936954257;;;;0,734677188;;;109;38;18;38;109;0,793650794;0,991493056;0,9872579;;;;;;;;;;;;;;;;;;
101;25;67;5693;41;42,3;1,995;Cheetah;MICE PMM;1;15;0,894977679;0,078947368;0,9166301;0,9166301;;0,9166301;0,95775925;;;;0,81603031;;;109;38;18;38;109;0,801587302;0,988368056;0,984369691;;;;;;;;;;;;;;;;;;
97;29;54;5706;42;1;2,205;Cheetah;MICE PMM;2;15;0,880233135;0,105263158;0,89590515;0,89590515;;0,89590515;0,947258609;;;;0,774969977;;;109;38;18;38;109;0,76984127;0,990625;0,985898743;;;;;;;;;;;;;;;;;;
100;26;71;5689;39;42;1,981;Cheetah;MICE PMM;3;15;0,890662202;0,026315789;0,941017355;0,941017355;;0,941017355;0,97011546;;;;0,864346413;;;109;38;18;38;109;0,793650794;0,987673611;0,983520217;;;;;;;;;;;;;;;;;;
78;48;63;5697;50;2,1;2,17;Cheetah;MICE PMM;1;20;0,80405506;0,315789474;0,751192876;0,751192876;;0,751192876;0,873937724;;;;0,488265586;;;109;38;18;38;109;0,619047619;0,9890625;0,981141692;;;;;;;;;;;;;;;;;;
67;59;70;5690;50;1,9;2,204;Cheetah;MICE PMM;2;20;0,759796627;0,315789474;0,728853705;0,728853705;;0,728853705;0,862619211;;;;0,444007153;;;109;38;18;38;109;0,531746032;0,987847222;0,978083588;;;;;;;;;;;;;;;;;;
79;47;96;5664;53;1;2,225;Cheetah;MICE PMM;3;20;0,80515873;0,394736842;0,71190175;0,71190175;;0,71190175;0,85403022;;;;0,410421888;;;109;38;18;38;109;0,626984127;0,983333333;0,975705063;;;;;;;;;;;;;;;;;;
120;6;29;5731;36;80,6;1,766;Cheetah;MICE RF;1;1;0,973673115;0,052631579;0,969633868;0,969633868;;0,969633868;0,984614493;;;;0,921041536;;;109;38;18;38;109;0,952380952;0,994965278;0,994053687;;;;;;;;;;;;;;;;;;
119;7;26;5734;36;62,9;1,791;Cheetah;MICE RF;2;1;0,969965278;0,052631579;0,96776236;0,96776236;;0,96776236;0,983666263;;;;0,917333699;;;109;38;18;38;109;0,944444444;0,995486111;0,994393476;;;;;;;;;;;;;;;;;;
111;15;28;5732;37;72,6;1,807;Cheetah;MICE RF;3;1;0,938045635;0,026315789;0,96493385;0,96493385;;0,96493385;0,982233151;;;;0,911729845;;;109;38;18;38;109;0,880952381;0,995138889;0,992694529;;;;;;;;;;;;;;;;;;
113;13;28;5732;38;100;1,827;Cheetah;MICE RF;1;2,5;0,945982143;0;0,982222486;0,982222486;;0,982222486;0,990992726;;;;0,945982143;;;109;38;18;38;109;0,896825397;0,995138889;0,993034319;;;;;;;;;;;;;;;;;;
114;12;27;5733;41;49,9;1,96;Cheetah;MICE RF;2;2,5;0,950037202;0,078947368;0,944421055;0,944421055;;0,944421055;0,971840001;;;;0,871089834;;;109;38;18;38;109;0,904761905;0,9953125;0,993374108;;;;;;;;;;;;;;;;;;
114;12;37;5723;39;59,7;1,919;Cheetah;MICE RF;3;2,5;0,949169147;0,026315789;0,970548374;0,970548374;;0,970548374;0,985077843;;;;0,922853357;;;109;38;18;38;109;0,904761905;0,993576389;0,991675161;;;;;;;;;;;;;;;;;;
102;24;27;5733;41;66,3;1,965;Cheetah;MICE RF;1;5;0,902418155;0,078947368;0,920385634;0,920385634;;0,920385634;0,959662055;;;;0,823470786;;;109;38;18;38;109;0,80952381;0,9953125;0,991335372;;;;;;;;;;;;;;;;;;
112;14;39;5721;39;70,1;1,95;Cheetah;MICE RF;2;5;0,941059028;0,026315789;0,966454841;0,966454841;;0,966454841;0,983003786;;;;0,914743238;;;109;38;18;38;109;0,888888889;0,993229167;0,990995583;;;;;;;;;;;;;;;;;;
111;15;31;5729;40;31,1;1,96;Cheetah;MICE RF;3;5;0,937785218;0,052631579;0,951519674;0,951519674;;0,951519674;0,975436635;;;;0,885153639;;;109;38;18;38;109;0,880952381;0,994618056;0,992184845;;;;;;;;;;;;;;;;;;
84;42;63;5697;48;6,8;2,149;Cheetah;MICE RF;1;10;0,827864583;0,263157895;0,789776052;0,789776052;;0,789776052;0,893486533;;;;0,564706689;;;109;38;18;38;109;0,666666667;0,9890625;0,98216106;;;;;;;;;;;;;;;;;;
84;42;49;5711;45;1,6;2,233;Cheetah;MICE RF;2;10;0,829079861;0,184210526;0,830237653;0,830237653;;0,830237653;0,913987077;;;;0,644869335;;;109;38;18;38;109;0,666666667;0,991493056;0,984539585;;;;;;;;;;;;;;;;;;
91;35;60;5700;42;4,4;2,122;Cheetah;MICE RF;3;10;0,855902778;0,105263158;0,883624552;0,883624552;;0,883624552;0,94103644;;;;0,75063962;;;109;38;18;38;109;0,722222222;0,989583333;0,983860007;;;;;;;;;;;;;;;;;;
77;49;89;5671;47;2,3;2,197;Cheetah;MICE RF;1;15;0,797829861;0,236842105;0,787898943;0,787898943;;0,787898943;0,892535465;;;;0,560987756;;;109;38;18;38;109;0,611111111;0,984548611;0,976554536;;;;;;;;;;;;;;;;;;
91;35;133;5627;45;6,9;2,123;Cheetah;MICE RF;2;15;0,849565972;0,184210526;0,840577891;0,840577891;;0,840577891;0,919226131;;;;0,665355446;;;109;38;18;38;109;0,722222222;0,976909722;0,971457696;;;;;;;;;;;;;;;;;;
96;30;127;5633;43;21;2,031;Cheetah;MICE RF;3;15;0,869928075;0,131578947;0,877421002;0,877421002;;0,877421002;0,937893308;;;;0,738349128;;;109;38;18;38;109;0,761904762;0,977951389;0,973326538;;;;;;;;;;;;;;;;;;
54;72;110;5650;56;0;2,323;Cheetah;MICE RF;1;20;0,704737103;0,473684211;0,621366356;0,621366356;;0,621366356;0,808158954;;;;0,231052893;;;109;38;18;38;109;0,428571429;0,980902778;0,969079171;;;;;;;;;;;;;;;;;;
75;51;110;5650;54;0;2,244;Cheetah;MICE RF;2;20;0,788070437;0,421052632;0,689993807;0,689993807;;0,689993807;0,842930195;;;;0,367017805;;;109;38;18;38;109;0,595238095;0,980902778;0,972646959;;;;;;;;;;;;;;;;;;
65;61;160;5600;50;1,6;2,161;Cheetah;MICE RF;3;20;0,744047619;0,315789474;0,720904491;0,720904491;;0,720904491;0,858591609;;;;0,428258145;;;109;38;18;38;109;0,515873016;0,972222222;0,962453279;;;;;;;;;;;;;;;;;;
53;0;450;2423;36;31,1;1,324;Giant Panda;Miss Forrest;;1;0,92168465;0,028571429;0,955537224;0,955537224;1046;0,955537224;0,977472193;1046;;;0,893113222;1,269994736;;77;35;18;35;77;1;0,8433693;0,846206425;12,98701299;0,962264151;0,099804305;0,180851064;0,099804305;0,999171843;0,315787352;0,281769394;0;1;0;1,293094232;1,283302272;1,28345775;81,66603272;81,46368813;83,02680137;83,51445434
49;6;526;2347;37;45,7;1,315;Giant Panda;Miss Forrest;;2,5;0,853912603;0,119047619;0,875662402;0,875662402;1046;0,875662402;0,937002284;1046;;;0,734864984;1,325770518;;77;42;12;42;77;0,890909091;0,816916116;0,818306011;16,88311688;0,905660377;0,096969697;0,175182482;0,096969697;0,997943233;0,311079175;0,266817747;0;1;0;1,327788074;1,313485589;1,322725672;80,76370906;80,93633316;81,85401724;81,95292379
49;4;567;2306;38;1,388;1,388;Giant Panda;Miss Forrest;;5;0,86358681;0,095238095;0,892563108;0,892563108;1046;0,892563108;0,945565308;1046;;;0,768348715;1,326671506;error in clustermodel;77;42;12;42;77;0,924528302;0,802645318;0,804853042;16,88311688;0,905660377;0,097165992;0,175502742;0,097165992;0,997944079;0,311394005;0,267156667;0;1;0;1,328242759;1,314092829;1,323337654;80,78086869;80,94820604;81,69225986;81,96428396
51;2;671;2202;35;19,9;1,315;Giant Panda;Miss Forrest;;10;0,864355187;0,166666667;0,856897811;0,856897811;1046;0,856897811;0,927494891;1046;;;0,697688521;1,491847146;;77;42;12;42;77;0,962264151;0,766446223;0,769993165;16,88311688;0,773584906;0,116477273;0,202469136;0,116477273;0,995337995;0,340491197;0,272753897;0;1;0;1,456189386;1,450357618;1,478111008;80,47148847;80,96040604;78,3537188;79,59169022
51;2;937;1936;33;3,5;1,193;Giant Panda;Miss Forrest;;15;0,818062114;0,214285714;0,809496247;0,809496247;1046;0,809496247;0,903478099;1046;;;0,603776399;1,391621796;;77;42;12;42;77;0,962264151;0,673860077;0,679084074;25,97402597;0,754716981;0,074626866;0,13582343;0,074626866;0,994560669;0,272435213;0,200679706;0;1;0;1,379926564;1,339525362;1,373510003;76,92182328;78,53668882;75,54195871;76,88682359
43;10;616;2257;37;47,4;1,361;Giant Panda;Miss Forrest;;20;0,798455365;0,119047619;0,847670703;0,847670703;1046;0,847670703;0,922819823;1046;;;0,679407746;1,272386988;;77;42;12;42;77;0,811320755;0,785589976;0,786056049;19,48051948;0,830188679;0,073089701;0,134351145;0,073089701;0,996127367;0,269827077;0,209808827;0;1;0;1,315669057;1,27388295;1,293607553;77,35845786;78,70950674;73,99975493;78,57773487
46;7;446;2427;38;73,8;1,432;Giant Panda;Mean Imputation;;1;0,856343051;0,095238095;0,888906866;0,888906866;1046;0,888906866;0,943712812;1046;;;0,761104956;1,585238097;;77;42;12;42;77;0,867924528;0,844761573;0,845181135;23,37662338;0,79245283;0,114754098;0,200477327;0,114754098;0,995703125;0,338025168;0,273998951;0;1;0;1,529105072;1,55407652;1,531154037;76,73535074;79,48716369;77,80930039;79,2014642
49;4;405;2468;43;55,6;1,501;Giant Panda;Mean Imputation;;2,5;0,891780336;0,023809524;0,942846748;0,942846748;1046;0,942846748;0,971042352;1046;;;0,867970812;1,653559932;;77;42;12;42;77;0,924528302;0,85903237;0,860218729;25,97402597;0,698113208;0,111111111;0,191709845;0,111111111;0,993829541;0,332303332;0,249897198;0;1;0;1,588341029;1,609932315;1,601229914;75,34015565;78,68343366;75,40539703;76,59887586
34;19;300;2573;49;18,4;1,69;Giant Panda;Mean Imputation;;5;0,768544484;0,166666667;0,808537949;0,808537949;1046;0,808537949;0,902992561;1046;;;0,601877817;1,62836275;;77;42;12;42;77;0,641509434;0,895579534;0,890977444;27,27272727;0,641509434;0,086513995;0,152466368;0,086513995;0,992499013;0,293027396;0,202025745;0;1;0;1,583764408;1,588292119;1,592734891;73,13369983;77,25373969;72,07823761;73,99151537
33;20;455;2418;43;93,2;1,505;Giant Panda;Mean Imputation;;10;0,732135234;0,023809524;0,862266867;0,862266867;1046;0,862266867;0,930215213;1046;;;0,708325711;1,661031613;Many error in cluster handle with care;77;42;12;42;77;0,622641509;0,841628959;0,837662338;33,76623377;0,528301887;0,064516129;0,114989733;0,064516129;0,989967897;0,252722964;0,145205254;0;1;0;1,610478185;1,593056371;1,620393343;70,07639925;75,3323094;70,79392726;69,95559908
26;27;420;2453;44;56,8;1,595;Giant Panda;Mean Imputation;;15;0,672188692;0,047619048;0,819991509;0,819991509;1046;0,819991509;0,908795698;1046;;;0,624569645;1,790686345;Many error in cluster handle with care;77;42;12;42;77;0,490566038;0,853811347;0,847231716;36,36363636;0,396226415;0,065830721;0,112903226;0,065830721;0,987725355;0,254995436;0,125160952;0;1;0;1,714742319;1,708499939;1,759216986;69,30370892;75,02394159;72,14499194;66,7549284
32;21;524;2349;41;95,4;1,466;Giant Panda;Mean Imputation;;20;0,710692918;0,023809524;0,85144399;0,85144399;1046;0,85144399;0,924731622;1046;;;0,686883395;1,823040033;Many error in cluster handle with care;77;42;12;42;77;0,603773585;0,817612252;0,813738893;38,96103896;0,301886792;0,051282051;0,087671233;0,051282051;0,985845448;0,224847008;0,085925098;0;1;0;1,745218988;1,729411899;1,803369439;67,46236335;73,91151664;74,45119765;63,63796642
52;1;490;2383;36;46,9;1,362;Giant Panda;Deletion of every row with missing values;;1;0,905289323;0,142857143;0,889576774;0,889576774;;0,889576774;0,944052232;947;;;0,762432181;1,409403733;;77;42;12;42;77;0,981132075;0,829446572;0,832194122;18,18181818;0,981132075;0,095940959;0,174789916;0,095940959;0,999580537;0,309678407;0,278258307;0;1;0;1,360342099;1,370829631;1,349451635;84,48332132;78,81195755;83,21029529;84,74845889
46;7;364;2509;38;66,6;1,411;Giant Panda;Deletion of every row with missing values;;2,5;0,870613848;0,095238095;0,896109962;0,896109962;;0,896109962;0,947362381;830;;;0,775375753;1,582620476;;77;42;12;42;77;0,867924528;0,873303167;0,873205742;20,77922078;0,867924528;0,112195122;0,198704104;0,112195122;0,997217806;0,334489123;0,284780429;0;1;0;1,475247843;1,491961162;1,488385061;84,39463736;78,94453576;81,0860164;82,82013962
22;3;230;123;11;100;1,387;Giant Panda;Deletion of every row with missing values;;5;0,614220963;0,738095238;0,442219057;-0,295876181;;0;0,343422735;708;;;-0,123874275;0,938754236;found the mistake, still weired predictions;77;42;12;11;28;0,88;0,348441926;0,383597884;46,42857143;0,88;0,087301587;0,158844765;0,087301587;0,976190476;0,291929749;0,120433589;31;0,261904762;0,738095238;1,059603739;0,73546594;0,584209761;45,77724092;29,9958868;50,50158601;89,94246557
6;19;38;927;36;3,4;1,9;Giant Panda;Deletion of every row with missing values;;10;0,600310881;0,142857143;0,735640786;0,378497929;;0,378497929;0,685105617;590;;;0,457453738;2,029555229;;77;42;12;27;45;0,24;0,960621762;0,942424242;31,11111111;0,24;0,136363636;0,173913043;0,136363636;0,979915433;0,365547305;0,152735431;15;0,642857143;0,357142857;1,845632828;1,899624045;1,976971706;57,93676084;49,72255961;68,83740089;70,58477054
0;1;1;0;0;;;Giant Panda;Deletion of every row with missing values;;15;0;1;0;-0,714285714;;0;0,131428571;543;;;-1;1,285846374;;77;42;12;12;15;0;0;0;13,33333333;0,333333333;0,029411765;0,054054054;0,029411765;0,971830986;0,169065858;0,003490534;30;0,285714286;0,714285714;1,373519203;1,257893596;1,298878461;35,76500456;23,76245538;74,39821132;74,50213069
0;1;1;0;0;;;Giant Panda;Deletion of every row with missing values;;20;0;1;0;-0,857142857;;0;0,059047619;530;;;-1;;;77;42;12;6;1;0;0;0;100;0;0;;0;0;0;-1;36;0,142857143;0,857142857;;;;20,1309249;7,672979801;5,957127857;
53;0;497;2376;34;42;1,22;Giant Panda;Control;;0;0,913505047;0,19047619;0,869688189;0,869688189;1046;0,869688189;0,933975349;1046;;;0,723028857;1,258511908;;77;42;12;42;77;1;0,827010094;0,830143541;12,98701299;1;0,096363636;0,175787728;0,096363636;1;0,310424929;0,282300726;0;1;0;1,309830818;1,297205806;1,297776297;82,62043322;81,3357584;82,42124364;83,4281803
47;6;458;2415;38;42;1,367;Giant Panda;MIssRanger;;1;0,863688604;0,095238095;0,892614488;0,892614488;1046;0,892614488;0,945591341;1046;;;0,768450508;1,316236206;;77;42;12;42;77;0,886792453;0,840584755;0,841421736;18,18181818;0,905660377;0,097363083;0,175824176;0,097363083;0,997944924;0,311709792;0,267496531;0;1;0;1,328697483;1,328052771;1,298891251;81,93353224;79,68732158;82,29172618;81,1750043
49;4;393;2480;37;41;1,343;Giant Panda;MIssRanger;;2,5;0,893868745;0,119047619;0,895830018;0,895830018;1046;0,895830018;0,947220543;1046;;;0,774821126;1,27114068;;77;42;12;42;77;0,924528302;0,863209189;0,864319891;18,18181818;1;0,10515873;0,190305206;0,10515873;1;0,324281868;0,297743249;0;1;0;1,277744047;1,28684115;1,242801254;83,70623928;80,75225501;82,95818042;83,95634316
38;15;321;2552;43;84,2;1,504;Giant Panda;MIssRanger;;5;0,802625617;0,023809524;0,897846453;0,897846453;1046;0,897846453;0,948242203;1046;;;0,778816093;1,262298622;;77;42;12;42;77;0,716981132;0,888270101;0,885167464;11,68831169;0,981132075;0,107216495;0,19330855;0,107216495;0,999590332;0,327372222;0,297815998;0;1;0;1,295669465;1,305106146;1,264120976;83,63997971;80,73873274;82,41212422;83,60422689
37;16;346;2527;43;89,2;1,505;Giant Panda;MIssRanger;;10;0,788840801;0,023809524;0,890888652;0,890888652;1046;0,890888652;0,944716917;1046;;;0,765031278;1,379834193;;77;42;12;42;77;0,698113208;0,879568395;0,876281613;18,18181818;0,867924528;0,105504587;0,188139059;0,105504587;0,997188755;0,324357808;0,274207582;0;1;0;1,372721143;1,376501351;1,353110311;82,12704616;79,88586178;81,0860164;80,67764972
36;17;359;2514;48;34,2;1,627;Giant Panda;MIssRanger;;15;0,777144396;0,142857143;0,824896412;0,824896412;1046;0,824896412;0,911280849;1046;;;0,634287253;1,422310779;;77;42;12;42;77;0,679245283;0,875043509;0,871496924;27,27272727;0,754716981;0,082304527;0,148423006;0,082304527;0,994672131;0,286122385;0,214815864;0;1;0;1,402388602;1,384530979;1,380386133;78,91530888;77,85757555;76,64336;76,57177591
29;24;377;2496;45;78,6;1,526;Giant Panda;MIssRanger;;20;0,707974046;0,071428571;0,826036236;0,826036236;1046;0,826036236;0,911858359;1046;;;0,636545475;1,624956277;;77;42;12;42;77;0,547169811;0,868778281;0,862952837;28,57142857;0,641509434;0,118881119;0,200589971;0,118881119;0,99280303;0,343548446;0,248697129;0;1;0;1,549319382;1,556418967;1,563858906;79,99348;78,7975097;72,55235061;75,43590007
38;15;293;2580;46;16,2;1,707;Giant Panda;MICE PMM;1;1;0,807498572;0,095238095;0,864252916;0,864252916;;0,864252916;0,931221477;;;;0,712260476;;;77;42;12;42;77;0,716981132;0,898016011;0,894736842;;;;;;;;;;;;;;;;;;
39;14;266;2607;49;23,1;1,648;Giant Panda;MICE PMM;2;1;0,821631455;0,166666667;0,835333271;0,835333271;;0,835333271;0,916568857;;;;0,654964788;;;77;42;12;42;77;0,735849057;0,907413853;0,90430622;;;;;;;;;;;;;;;;;;
39;14;266;2607;49;23,1;1,648;Giant Panda;MICE PMM;3;1;0,821631455;0,166666667;0,835333271;0,835333271;;0,835333271;0,916568857;;;;0,654964788;;;77;42;12;42;77;0,735849057;0,907413853;0,90430622;;;;;;;;;;;;;;;;;;
29;24;265;2608;51;11,1;1,725;Giant Panda;MICE PMM;1;2,5;0,727465866;0,214285714;0,76376835;0,76376835;;0,76376835;0,880309297;;;;0,513180152;;;77;42;12;42;77;0,547169811;0,907761921;0,901230349;;;;;;;;;;;;;;;;;;
31;22;182;2691;52;22,1;1,638;Giant Panda;MICE PMM;2;2,5;0,760778622;0,238095238;0,768565048;0,768565048;;0,768565048;0,882739624;;;;0,522683384;;;77;42;12;42;77;0,58490566;0,936651584;0,930280246;;;;;;;;;;;;;;;;;;
32;21;251;2622;49;52,4;1,591;Giant Panda;MICE PMM;3;2,5;0,758204231;0,166666667;0,80331877;0,80331877;;0,80331877;0,900348177;;;;0,591537564;;;77;42;12;42;77;0,603773585;0,912634876;0,907040328;;;;;;;;;;;;;;;;;;
40;13;273;2600;47;48,7;1,557;Giant Panda;MICE PMM;1;5;0,829847178;0,119047619;0,863515527;0,863515527;;0,863515527;0,930847867;;;;0,710799559;;;77;42;12;42;77;0,754716981;0,904977376;0,902255639;;;;;;;;;;;;;;;;;;
38;15;298;2575;47;16,1;1,687;Giant Panda;MICE PMM;2;5;0,806628401;0,119047619;0,851795992;0,851795992;;0,851795992;0,92490997;;;;0,687580782;;;77;42;12;42;77;0,716981132;0,89627567;0,893028025;;;;;;;;;;;;;;;;;;
46;7;257;2616;45;45,8;1,605;Giant Panda;MICE PMM;3;5;0,889235498;0,071428571;0,917526836;0,917526836;;0,917526836;0,958213597;;;;0,817806926;;;77;42;12;42;77;0,867924528;0,910546467;0,909774436;;;;;;;;;;;;;;;;;;
30;23;292;2581;48;37,3;1,625;Giant Panda;MICE PMM;1;10;0,732200908;0,142857143;0,802211464;0,802211464;;0,802211464;0,899787142;;;;0,589343765;;;77;42;12;42;77;0,566037736;0,898364079;0,892344498;;;;;;;;;;;;;;;;;;
34;19;265;2608;52;19,7;1,665;Giant Panda;MICE PMM;2;10;0,774635678;0,238095238;0,775559311;0,775559311;;0,775559311;0,886283384;;;;0,53654044;;;77;42;12;42;77;0,641509434;0,907761921;0,902939166;;;;;;;;;;;;;;;;;;
19;35;126;2750;54;5,9;1,852;Giant Panda;MICE PMM;3;10;0,654020502;0,285714286;0,690644124;0,690644124;;0,690644124;0,84325969;;;;0,368306216;;;77;42;12;42;77;0,351851852;0,956189152;0,945051195;;;;;;;;;;;;;;;;;;
30;23;337;2536;51;19,4;1,612;Giant Panda;MICE PMM;1;15;0,724369373;0,214285714;0,762205414;0,762205414;;0,762205414;0,87951741;;;;0,510083658;;;77;42;12;42;77;0,566037736;0,882701009;0,87696514;;;;;;;;;;;;;;;;;;
22;31;306;2567;49;55,7;1,598;Giant Panda;MICE PMM;2;15;0,654292732;0,166666667;0,750870082;0,750870082;;0,750870082;0,873774175;;;;0,487626065;;;77;42;12;42;77;0,41509434;0,893491124;0,884825701;;;;;;;;;;;;;;;;;;
25;28;324;2549;50;19,9;1,696;Giant Panda;MICE PMM;3;15;0,679462005;0,19047619;0,751556407;0,751556407;;0,751556407;0,874121913;;;;0,488985814;;;77;42;12;42;77;0,471698113;0,887225896;0,879699248;;;;;;;;;;;;;;;;;;
11;42;128;2745;55;9;1,922;Giant Panda;MICE PMM;1;20;0,581497219;0,30952381;0,642020734;0,642020734;;0,642020734;0,818623839;;;;0,271973409;;;77;42;12;42;77;0,20754717;0,955447268;0,941900205;;;;;;;;;;;;;;;;;;
20;33;371;2502;46;23,7;1,708;Giant Panda;MICE PMM;2;20;0,62411259;0,095238095;0,771689973;0,771689973;;0,771689973;0,88432292;;;;0,528874495;;;77;42;12;42;77;0,377358491;0,87086669;0,861927546;;;;;;;;;;;;;;;;;;
21;32;328;2545;46;38,3;1,64;Giant Panda;MICE PMM;3;20;0,641030019;0,095238095;0,780228941;0,780228941;;0,780228941;0,88864933;;;;0,545791924;;;77;42;12;42;77;0,396226415;0,885833623;0,87696514;;;;;;;;;;;;;;;;;;
47;6;392;2481;39;85,1;1,447;Giant Panda;MICE RF;1;1;0,875174855;0,071428571;0,910429813;0,910429813;;0,910429813;0,954617772;;;;0,803746284;;;77;42;12;42;77;0,886792453;0,863557257;0,863978127;;;;;;;;;;;;;;;;;;
50;3;352;2521;42;100;1,463;Giant Panda;MICE RF;2;1;0,910438106;0;0,964281852;0,964281852;;0,964281852;0,981902805;;;;0,910438106;;;77;42;12;42;77;0,943396226;0,877479986;0,878673958;;;;;;;;;;;;;;;;;;
50;3;354;2519;41;93,2;1,468;Giant Panda;MICE RF;3;1;0,910090038;0,023809524;0,952088457;0,952088457;;0,952088457;0,975724818;;;;0,886280514;;;77;42;12;42;77;0,943396226;0,87678385;0,877990431;;;;;;;;;;;;;;;;;;
43;10;382;2491;45;71,5;1,549;Giant Panda;MICE RF;1;2,5;0,839179347;0,071428571;0,892261302;0,892261302;;0,892261302;0,945412393;;;;0,767750776;;;77;42;12;42;77;0,811320755;0,867037939;0,866028708;;;;;;;;;;;;;;;;;;
41;12;345;2528;45;66,3;1,538;Giant Panda;MICE RF;2;2,5;0,826750685;0,071428571;0,885988012;0,885988012;;0,885988012;0,942233926;;;;0,755322113;;;77;42;12;42;77;0,773584906;0,879916464;0,877990431;;;;;;;;;;;;;;;;;;
41;12;302;2571;44;59,6;1,541;Giant Panda;MICE RF;3;2,5;0,834234151;0,047619048;0,901782956;0,901782956;;0,901782956;0,950236698;;;;0,786615104;;;77;42;12;42;77;0,773584906;0,894883397;0,892686261;;;;;;;;;;;;;;;;;;
27;26;171;2702;52;10,2;1,736;Giant Panda;MICE RF;1;5;0,724957148;0,238095238;0,75048438;0,75048438;;0,75048438;0,873578752;;;;0,48686191;;;77;42;12;42;77;0,509433962;0,940480334;0,932672591;;;;;;;;;;;;;;;;;;
26;27;139;2734;54;5,1;1,956;Giant Panda;MICE RF;2;5;0,721092277;0,285714286;0,724498189;0,724498189;;0,724498189;0,860412416;;;;0,435377992;;;77;42;12;42;77;0,490566038;0,951618517;0,943267259;;;;;;;;;;;;;;;;;;
45;8;318;2555;42;100;1,475;Giant Panda;MICE RF;3;5;0,869185455;0;0,943459831;0,943459831;;0,943459831;0,971352981;;;;0,869185455;;;77;42;12;42;77;0,849056604;0,889314306;0,888585099;;;;;;;;;;;;;;;;;;
28;25;307;2566;46;49,7;1,602;Giant Panda;MICE RF;1;10;0,710722471;0,095238095;0,815405776;0,815405776;;0,815405776;0,90647226;;;;0,615484376;;;77;42;12;42;77;0,528301887;0,893143056;0,886534518;;;;;;;;;;;;;;;;;;
25;28;213;2660;52;5,3;1,8;Giant Panda;MICE RF;2;10;0,698779791;0,238095238;0,73727152;0,73727152;;0,73727152;0,866884237;;;;0,460684553;;;77;42;12;42;77;0,471698113;0,925861469;0,917634997;;;;;;;;;;;;;;;;;;
30;23;269;2604;50;7,5;1,765;Giant Panda;MICE RF;3;10;0,736203692;0,19047619;0,780196424;0,780196424;;0,780196424;0,888632855;;;;0,545727502;;;77;42;12;42;77;0,566037736;0,906369648;0,900205058;;;;;;;;;;;;;;;;;;
20;33;227;2646;52;34,8;1,665;Giant Panda;MICE RF;1;15;0,649173502;0,238095238;0,712233052;0,712233052;;0,712233052;0,85419808;;;;0,411078264;;;77;42;12;42;77;0,377358491;0,920988514;0,91114149;;;;;;;;;;;;;;;;;;
19;34;162;2711;50;3,6;1,902;Giant Panda;MICE RF;2;15;0,651051757;0,19047619;0,73721651;0,73721651;;0,73721651;0,866856365;;;;0,460575567;;;77;42;12;42;77;0,358490566;0,943612948;0,933014354;;;;;;;;;;;;;;;;;;
14;39;188;2685;51;6,1;1,834;Giant Panda;MICE RF;3;15;0,599357059;0,214285714;0,699106219;0,699106219;;0,699106219;0,847547151;;;;0,385071345;;;77;42;12;42;77;0,264150943;0,934563174;0,922419686;;;;;;;;;;;;;;;;;;
12;41;158;2715;55;13,2;1,825;Giant Panda;MICE RF;1;20;0,585710158;0,30952381;0,644147189;0,644147189;;0,644147189;0,819701242;;;;0,276186348;;;77;42;12;42;77;0,226415094;0,945005221;0,931989064;;;;;;;;;;;;;;;;;;
4;49;62;2811;65;5,8;2,102;Giant Panda;MICE RF;2;20;0,526945734;0,547619048;0,494309106;0,494309106;;0,494309106;0,74378328;;;;-0,020673313;;;77;42;12;42;77;0,075471698;0,97841977;0,962064252;;;;;;;;;;;;;;;;;;
13;40;109;2764;57;3,6;1,969;Giant Panda;MICE RF;3;20;0,603671791;0,357142857;0,629177792;0,629177792;;0,629177792;0,812116748;;;;0,246528934;;;77;42;12;42;77;0,245283019;0,962060564;0,949077239;;;;;;;;;;;;;;;;;;
12;4;16;496;19;18;1,955;Larissa Cheetah 1& 2 omit;Mean Imputation;;89;0,859375;0,117647059;0,879126437;0,879126437;628;0,879126437;0,938757395;628;4;87,87878788;0,741727941;;;33;17;18;17;33;0,75;0,96875;0,962121212;;;;;;;;;;;;;;;;;;
11;5;31;481;15;80,5;1,826;Larissa Cheetah 1& 2 omit;Miss Forrest;;89;0,813476563;0,117647059;0,855959484;0,855959484;628;0,855959484;0,927019472;628;6;81,81818182;0,695829504;;;33;17;18;17;33;0,6875;0,939453125;0,931818182;;;;;;;;;;;;;;;;;;
5;11;9;503;20;46,5;1,988;Larissa Cheetah 1& 2 omit;MIssRanger;;89;0,647460938;0,176470588;0,742473307;0,742473307;628;0,742473307;0,869519809;628;7;78,78787879;0,470990349;;;33;17;18;17;33;0,3125;0,982421875;0,962121212;;;;;;;;;;;;;;;;;;
1;4;0;115;14;1;2,715;Larissa Cheetah 1& 2 omit;Deletion of every row with missing values;;89;0,6;0,176470588;0,718517692;0,365576515;;0,365576515;0,678558768;;1;96,96969697;0,423529412;;;33;17;18;11;16;0,2;1;0,966666667;;;;;;;;;;;;;;;;;;
0;1;16;649;21;55,3;2,022;Larissa Cheetah 1& 2 omit;MICE PMM;1;;0,487969925;0,235294118;0,632280388;0,632280388;;0,632280388;0,81368873;;;;0,252675807;;;33;17;18;17;33;0;0,97593985;0,974474474;;;;;;;;;;;;;;;;;;
0;1;34;631;18;51,8;1,99;Larissa Cheetah 1& 2 omit;MICE PMM;2;;0,47443609;0,058823529;0,71452171;0,71452171;;0,71452171;0,855357666;;;;0,415612561;;;33;17;18;17;33;0;0,94887218;0,947447447;;;;;;;;;;;;;;;;;;
0;1;45;620;20;6,5;2,108;Larissa Cheetah 1& 2 omit;MICE PMM;3;;0,466165414;0,176470588;0,65096551;0,65096551;;0,65096551;0,823155858;;;;0,289694825;;;33;17;18;17;33;0;0,932330827;0,930930931;;;;;;;;;;;;;;;;;;
1;0;35;630;17;100;1,827;Larissa Cheetah 1& 2 omit;MICE RF;1;;0,973684211;0;0,996204934;0,996204934;;0,996204934;0,998077166;;;;0,973684211;;;33;17;18;17;33;1;0,947368421;0,947447447;;;;;;;;;;;;;;;;;;
1;0;28;637;21;17,2;2,126;Larissa Cheetah 1& 2 omit;MICE RF;2;;0,978947368;0,235294118;0,880098225;0,880098225;;0,880098225;0,939249767;;;;0,743653251;;;33;17;18;17;33;1;0,957894737;0,957957958;;;;;;;;;;;;;;;;;;
1;0;37;628;17;100;1,853;Larissa Cheetah 1& 2 omit;MICE RF;3;;0,972180451;0;0,99544592;0,99544592;;0,99544592;0,9976926;;;;0,972180451;;;33;17;18;17;33;1;0,944360902;0,944444444;;;;;;;;;;;;;;;;;;
10;6;13;499;17;100;1,849;Larissa Cheetah 2 omit;Control;;0;0,799804688;0;0,908440317;0,908440317;628;0,908440317;0,95360976;628;7;78,78787879;0,799804688;;Own RCV of Data;33;17;18;17;33;0,625;0,974609375;0,964015152;;;;;;;;;;;;;;;;;;
13;3;5;507;18;35,4;2,056;Larissa Cheetah 2 omit;Mean Imputation;;13;0,901367188;0,058823529;0,930012548;0,930012548;628;0,930012548;0,964539691;628;5;84,84848485;0,842543658;;;33;17;18;17;33;0,8125;0,990234375;0,984848485;;;;;;;;;;;;;;;;;;
13;3;4;508;17;100;1,865;Larissa Cheetah 2 omit;Miss Forrest;;13;0,90234375;0;0,960196276;0,960196276;628;0,960196276;0,97983278;628;5;84,84848485;0,90234375;;;33;17;18;17;33;0,8125;0,9921875;0,986742424;;;;;;;;;;;;;;;;;;
13;3;5;507;18;45;2,033;Larissa Cheetah 2 omit;MIssRanger;;13;0,901367188;0,058823529;0,930012548;0,930012548;628;0,930012548;0,964539691;628;5;84,84848485;0,842543658;;;33;17;18;17;33;0,8125;0,990234375;0,984848485;;;;;;;;;;;;;;;;;;
10;6;5;507;19;12,9;2,214;Larissa Cheetah 2 omit;Deletion of every row with missing values;;13;0,807617188;0,117647059;0,853002;0,853002;;0,853002;0,925521014;;5;84,84848485;0,689970129;;;33;17;18;17;33;0,625;0,990234375;0,979166667;;;;;;;;;;;;;;;;;;
1;0;19;646;21;9,3;2,173;Larissa Cheetah 2 omit;MICE PMM;1;;0,985714286;0,235294118;0,883513785;0,883513785;;0,883513785;0,940980318;;;;0,750420168;;;33;17;18;17;33;1;0,971428571;0,971471471;;;;;;;;;;;;;;;;;;
1;0;26;639;19;21,7;1,943;Larissa Cheetah 2 omit;MICE PMM;2;;0,980451128;0,117647059;0,940238866;0,940238866;;0,940238866;0,969721025;;;;0,862804069;;;33;17;18;17;33;1;0,960902256;0,960960961;;;;;;;;;;;;;;;;;;
1;0;25;640;17;100;1,894;Larissa Cheetah 2 omit;MICE PMM;3;;0,981203008;0;1;1;;1;1;;;;0,981203008;;;33;17;18;17;33;1;0,962406015;0,962462462;;;;;;;;;;;;;;;;;;
1;0;24;641;18;60;1,918;Larissa Cheetah 2 omit;MICE RF;1;;0,981954887;0,058823529;0,970688693;0,970688693;;0,970688693;0,985148938;;;;0,923131358;;;33;17;18;17;33;1;0,963909774;0,963963964;;;;;;;;;;;;;;;;;;
0;1;24;641;17;100;1,86;Larissa Cheetah 2 omit;MICE RF;2;;0,481954887;0;0,74800759;0,74800759;;0,74800759;0,872323846;;;;0,481954887;;;33;17;18;17;33;0;0,963909774;0,962462462;;;;;;;;;;;;;;;;;;
0;1;23;642;18;71,8;1,959;Larissa Cheetah 2 omit;MICE RF;3;;0,482706767;0,058823529;0,718696283;0,718696283;;0,718696283;0,857472783;;;;0,423883238;;;33;17;18;17;33;0;0,965413534;0,963963964;;;;;;;;;;;;;;;;;;
54;11;23;2838;33;45,8;1,73;Mountain Lion;Control;;0;0,911365042;0,057142857;0,935907213;0,935907213;1070;0,935907213;0,967526321;1070;;;0,854222185;;;77;35;18;35;77;0,830769231;0,991960853;0,988380041;;;;;;;;;;;;;;;;;;
55;10;10;2851;33;35,1;1,701;Mountain Lion;Miss Forrest;;1;0,921329282;0,057142857;0,940936602;0,940936602;1070;0,940936602;0,970074545;1070;;;0,864186425;1,703204654;;77;35;18;35;77;0,846153846;0,996504719;0,99316473;2,597402597;0,861538462;0,736842105;0,794326241;0,736842105;0,996842105;0,857038643;0,791813299;0;1;0;1,684038105;1,701504836;1,700632131;92,99310973;96,24999419;95,5785709;96,97457035
53;12;14;2847;34;79,7;1,822;Mountain Lion;Miss Forrest;;2,5;0,905245611;0,028571429;0,94723972;0,94723972;1070;0,94723972;0,973268125;1070;;;0,876674182;1,739952901;;77;35;18;35;77;0,815384615;0,995106606;0,991114149;2,597402597;0,846153846;0,785714286;0,814814815;0,785714286;0,996498599;0,88485207;0,811031048;0;1;0;1,713976042;1,726902932;1,731329452;92,70377493;96,08212445;95,5785709;97,02918113
55;10;27;2834;33;30,6;1,692;Mountain Lion;Miss Forrest;;5;0,918358293;0,057142857;0,939437013;0,939437013;1070;0,939437013;0,969314753;1070;;;0,861215436;1,689870895;;77;35;18;35;77;0,846153846;0,99056274;0,987354751;6,493506494;0,846153846;0,572916667;0,683229814;0,572916667;0,996466431;0,755574104;0,688204959;0;1;0;1,664682043;1,694525661;1,682319827;92,25762445;95,77342953;95,35308011;94,27079683
53;12;58;2803;33;85,5;1,85;Mountain Lion;Miss Forrest;;10;0,897555992;0,057142857;0,92893718;0,92893718;1070;0,92893718;0,963994838;1070;;;0,840413135;1,635141836;;77;35;18;35;77;0,815384615;0,979727368;0,976076555;5,194805195;0,876923077;0,508928571;0,644067797;0,508928571;0,997157072;0,712377515;0,658839256;0;1;0;1,622015246;1,6585013;1,640210069;92,76765552;96,06167748;94,87438832;94,2419048
53;12;64;2797;33;70,7;1,758;Mountain Lion;Miss Forrest;;15;0,896507407;0,057142857;0,928407913;0,928407913;1070;0,928407913;0,963726676;1070;;;0,83936455;1,664535707;;77;35;18;35;77;0,815384615;0,977630199;0,974025974;3,896103896;0,830769231;0,469565217;0,6;0,469565217;0,996086802;0,683906218;0,613939005;0;1;0;1,658440553;1,694522393;1,678812403;91,53929881;95,30873776;94,25755203;92,14610916
57;8;209;2652;30;0,3;1,354;Mountain Lion;Miss Forrest;;20;0,901935848;0,142857143;0,887884128;0,887884128;1070;0,887884128;0,943194625;1070;;;0,759078705;1,603923104;;77;35;18;35;77;0,876923077;0,926948619;0,925837321;7,792207792;0,861538462;0,284263959;0,427480916;0,284263959;0,996702089;0,532284212;0,477719662;0;1;0;1,590509548;1,635999933;1,616504575;90,91679406;94,81337553;91,53354342;89,26851988
53;12;6;2855;35;100;1,886;Mountain Lion;Mean Imputation;;1;0,906643723;0;0,962366661;0,962366661;1070;0,962366661;0,980932442;1070;;;0,906643723;1,897206164;;77;35;18;35;77;0,815384615;0,997902831;0,993848257;9,090909091;0,815384615;0,803030303;0,809160305;0,803030303;0,995804196;0,894237633;0,804815236;0;1;0;1,844379981;1,886404337;1,845625535;88,09963281;94,1052729;95,00927481;95,36261718
47;18;18;2843;38;35;1,979;Mountain Lion;Mean Imputation;;2,5;0,858392708;0,085714286;0,894748502;0,894748502;1070;0,894748502;0,946672574;1070;;;0,772678423;1,921982502;;77;35;18;35;77;0,723076923;0,993708494;0,987696514;5,194805195;0,753846154;0,720588235;0,736842105;0,720588235;0,994401679;0,846495216;0,730920053;0;1;0;1,895107312;1,941858799;1,896944903;86,49614314;93,12509903;94,0219312;92,32144852
47;18;45;2816;36;42,3;1,995;Mountain Lion;Mean Imputation;;5;0,853674078;0,028571429;0,921209307;0,921209307;1070;0,921209307;0,960079382;1070;;;0,82510265;1,854064029;;77;35;18;35;77;0,723076923;0,984271234;0,9784689;7,792207792;0,769230769;0,561797753;0,649350649;0,561797753;0,994712725;0,747547573;0,648458831;0;1;0;1,830658278;1,888640696;1,833372623;86,52808343;93,11487555;93,31774862;90,82530655
43;22;91;2770;37;56,1;1,949;Mountain Lion;Mean Imputation;;10;0,814865701;0,057142857;0,887199765;0,887199765;1070;0,887199765;0,942847881;1070;;;0,757722843;1,93753262;;77;35;18;35;77;0,661538462;0,96819294;0,961380725;11,68831169;0,646153846;0,381818182;0,48;0,381818182;0,991832386;0,615385764;0,482239419;0;1;0;1,898528642;1,958393591;1,911135107;83,02939033;90,95268883;82,74771133;84,10689224
33;32;97;2764;40;7,5;2,118;Mountain Lion;Mean Imputation;;15;0,736894039;0,142857143;0,804580293;0,804580293;1070;0,804580293;0,900987348;1070;;;0,594036896;2,009631652;Many error in cluster handle with care;77;35;18;35;77;0,507692308;0,966095771;0,955912509;27,27272727;0,584615385;0,240506329;0,340807175;0,240506329;0,990245665;0,488016752;0,353868122;0;1;0;1,89156639;1,945077012;1,914586098;80,63655751;89,42636242;75,40153584;79,46001156
44;21;357;2504;31;44,1;1,782;Mountain Lion;Mean Imputation;;20;0,776070766;0,114285714;0,838775757;0,838775757;1070;0,838775757;0,91831305;1070;;;0,661785052;;Many error in cluster handle with care;77;35;18;35;77;0,676923077;0,875218455;0,870813397;45,45454545;0;;;;0,977785373;;;0;1;0;;;;68,44066082;82,21621074;56,67508379;
48;17;23;2838;37;;;Mountain Lion;Deletion of every row with missing values;;1;0,865211196;0,057142857;0,912611344;0,912611344;;0,912611344;0,955723081;958;;;0,808068339;1,987276356;;77;35;18;35;77;0,738461538;0,991960853;0,98632946;3,896103896;0,738461538;0,676056338;0,705882353;0,676056338;0,994045534;0,819774837;0,69961233;0;1;0;1,901628727;1,942057394;1,924981771;92,89751174;91,87372411;92,5867727;93,08509975
34;31;14;2847;43;;;Mountain Lion;Deletion of every row with missing values;;2,5;0,759091765;0,228571429;0,772520701;0,772520701;;0,772520701;0,884743822;829;;;0,530520336;2,344592635;;77;35;18;35;77;0,523076923;0,995106606;0,984620643;10,38961039;0,523076923;0,708333333;0,601769912;0,708333333;0,989228631;0,83708041;0,601219694;0;1;0;2,199140647;2,236939433;2,227952852;87,80008691;88,79930203;83,79950225;85,78550151
7;49;2;2288;58;;;Mountain Lion;Deletion of every row with missing values;;5;0,562063319;0,657142857;0,456753022;0,342467308;;0,342467308;0,666850103;690;;;-0,095079538;3,379150857;;77;35;18;31;69;0,125;0,999126638;0,97826087;31,88405797;0,125;0,777777778;0,215384615;0,777777778;0,979032948;0,872622525;0,306496934;4;0,885714286;0,114285714;2,984813121;3,064325634;3,051205909;75,19584329;77,92581583;68,78654578;70,72794644
0;12;0;516;32;;;Mountain Lion;Deletion of every row with missing values;;10;0,5;0,085714286;0,713851992;0,399566278;;0,399566278;0,695780248;577;;;0,414285714;;;77;35;18;24;33;0;1;0,977272727;33,33333333;0;;;;0,977272727;;;11;0,685714286;0,314285714;;;;54,89254871;56,35631621;61,62510534;
0;1;1;0;0;;;Mountain Lion;Deletion of every row with missing values;;15;0;1;0;-0,657142857;;0;0,160380952;550;;;-1;;;77;35;18;12;1;0;0;0;100;0;0;;0;0;0;-1;23;0,342857143;0,657142857;;;;22,45347933;22,8199685;5,085181633;
0;1;1;0;0;;;Mountain Lion;Deletion of every row with missing values;;20;0;1;0;-0,942857143;;0;0,015619048;537;;;-1;;;77;35;18;2;1;0;0;0;100;0;0;;0;0;0;-1;33;0,057142857;0,942857143;;;;27,70813611;22,8199685;5,085181633;
54;11;14;2847;34;72,5;1,793;Mountain Lion;MIssRanger;;1;0,912937918;0,028571429;0,951122365;0,951122365;1070;0,951122365;0,975235332;1070;;;0,88436649;1,679545689;;77;35;18;35;77;0,830769231;0,995106606;0,991455913;3,896103896;0,861538462;0,7;0,772413793;0,7;0,996837667;0,83533608;0,77104274;0;1;0;1,675635399;1,709505947;1,667021409;94,05997511;94,92974532;95,5785709;95,71490872
53;12;14;2847;34;79,7;1,822;Mountain Lion;MIssRanger;;2,5;0,905245611;0,028571429;0,94723972;0,94723972;1070;0,94723972;0,973268125;1070;;;0,876674182;1,716641935;;77;35;18;35;77;0,815384615;0,995106606;0,991114149;2,597402597;0,861538462;0,823529412;0,842105263;0,823529412;0,996850945;0,906055226;0,838658618;0;1;0;1,705009385;1,728564084;1,697555362;94,26589071;95,0722199;95,5785709;97,18175091
54;11;22;2839;34;83;1,7;Mountain Lion;MIssRanger;;5;0,911539806;0,028571429;0,950416676;0,950416676;1070;0,950416676;0,974877783;1070;;;0,882968377;1,704105865;;77;35;18;35;77;0,830769231;0,992310381;0,988721805;6,493506494;0,815384615;0,569892473;0,670886076;0,569892473;0,995764208;0,753311706;0,673289862;0;1;0;1,695781063;1,737558671;1,689120289;92,66002207;94,05807679;94,30509224;92,43617477
53;12;54;2807;34;66,1;1,699;Mountain Lion;MIssRanger;;10;0,898255048;0,028571429;0,943711277;0,943711277;1070;0,943711277;0,97148038;1070;;;0,869683619;1,626178641;;77;35;18;35;77;0,815384615;0,981125481;0,977443609;5,194805195;0,861538462;0,482758621;0,61878453;0,482758621;0,996797153;0,693694759;0,634900503;0;1;0;1,631942043;1,682593076;1,626110903;93,4422283;94,50232159;94,82684812;92,5235574
50;15;59;2802;32;53,7;1,72;Mountain Lion;MIssRanger;;15;0,874304305;0,085714286;0,902779782;0,902779782;1070;0,902779782;0,950741756;1070;;;0,788590019;1,614048057;;77;35;18;35;77;0,769230769;0,97937784;0,974709501;5,194805195;0,861538462;0,430769231;0,574358974;0,430769231;0,996781116;0,655272947;0,597739444;0;1;0;1,62239415;1,676371315;1,61815504;93,20199343;94,33610125;94,82684812;91,59908349
48;17;81;2780;34;85,3;1,863;Mountain Lion;MIssRanger;;20;0,85507488;0,028571429;0,921916353;0,921916353;1070;0,921916353;0,960437619;1070;;;0,826503451;1,587831022;;77;35;18;35;77;0,738461538;0,971688221;0,966507177;7,792207792;0,815384615;0,214574899;0,33974359;0,214574899;0,995520717;0,462183683;0,396311081;0;1;0;1,600451706;1,651414188;1,603605927;90,01743849;92,22965304;86,26506185;85,29633656
49;16;12;2849;36;61,2;2,002;Mountain Lion;MICE PMM;1;1;0,874825908;0,028571429;0,931885563;0,931885563;;0,931885563;0,965488685;;;;0,84625448;;;77;35;18;35;77;0,753846154;0,995805662;0,990430622;;;;;;;;;;;;;;;;;;
53;12;12;2849;36;52,5;1,993;Mountain Lion;MICE PMM;2;1;0,905595139;0,028571429;0,947416142;0,947416142;;0,947416142;0,973357512;;;;0,87702371;;;77;35;18;35;77;0,815384615;0,995805662;0,991797676;;;;;;;;;;;;;;;;;;
51;14;11;2850;35;100;1,752;Mountain Lion;MICE PMM;3;1;0,890385288;0;0,954160316;0,954160316;;0,954160316;0,97677456;;;;0,890385288;;;77;35;18;35;77;0,784615385;0,99615519;0,991455913;;;;;;;;;;;;;;;;;;
55;10;14;2847;35;100;1,687;Mountain Lion;MICE PMM;1;2,5;0,920630226;0;0,969426262;0,969426262;;0,969426262;0,984509306;;;;0,920630226;;;77;35;18;35;77;0,846153846;0,995106606;0,991797676;;;;;;;;;;;;;;;;;;
50;15;18;2843;36;56,8;1,951;Mountain Lion;MICE PMM;2;2,5;0,881469631;0,028571429;0,935238941;0,935238941;;0,935238941;0,96718773;;;;0,852898203;;;77;35;18;35;77;0,769230769;0,993708494;0,988721805;;;;;;;;;;;;;;;;;;
51;14;24;2837;37;71,8;1,957;Mountain Lion;MICE PMM;3;2,5;0,888113355;0,057142857;0,924171067;0,924171067;;0,924171067;0,961580007;;;;0,830970498;;;77;35;18;35;77;0,784615385;0,991611325;0,987012987;;;;;;;;;;;;;;;;;;
50;15;21;2840;34;54,3;1,748;Mountain Lion;MICE PMM;1;5;0,880945339;0,028571429;0,934974308;0,934974308;;0,934974308;0,967053649;;;;0,852373911;;;77;35;18;35;77;0,769230769;0,992659909;0,987696514;;;;;;;;;;;;;;;;;;
48;17;34;2827;37;28;1,98;Mountain Lion;MICE PMM;2;5;0,863288791;0,057142857;0,911641022;0,911641022;;0,911641022;0,955231451;;;;0,806145934;;;77;35;18;35;77;0,738461538;0,988116043;0,982570062;;;;;;;;;;;;;;;;;;
41;24;20;2841;38;60,7;1,982;Mountain Lion;MICE PMM;3;5;0,811889334;0,085714286;0,87127621;0,87127621;;0,87127621;0,934779947;;;;0,726175048;;;77;35;18;35;77;0,630769231;0,993009437;0,984962406;;;;;;;;;;;;;;;;;;
43;22;37;2824;37;66;1,965;Mountain Lion;MICE PMM;1;10;0,82430296;0,057142857;0,891963164;0,891963164;;0,891963164;0,945261336;;;;0,767160103;;;77;35;18;35;77;0,661538462;0,987067459;0,979835954;;;;;;;;;;;;;;;;;;
51;14;20;2841;36;68,4;1,967;Mountain Lion;MICE PMM;2;10;0,888812411;0,028571429;0,938945164;0,938945164;;0,938945164;0,96906555;;;;0,860240982;;;77;35;18;35;77;0,784615385;0,993009437;0,988380041;;;;;;;;;;;;;;;;;;
51;14;30;2831;38;46,6;1,994;Mountain Lion;MICE PMM;3;10;0,88706477;0,085714286;0,909220548;0,909220548;;0,909220548;0,954005078;;;;0,801350485;;;77;35;18;35;77;0,784615385;0,989514156;0,984962406;;;;;;;;;;;;;;;;;;
39;26;23;2838;38;37,3;2,023;Mountain Lion;MICE PMM;1;15;0,795980426;0,085714286;0,863246287;0,863246287;;0,863246287;0,930711452;;;;0,710266141;;;77;35;18;35;77;0,6;0,991960853;0,983253589;;;;;;;;;;;;;;;;;;
46;19;52;2809;38;34,9;1,963;Mountain Lion;MICE PMM;2;15;0,844758422;0,085714286;0,88786668;0,88786668;;0,88786668;0,943185785;;;;0,759044137;;;77;35;18;35;77;0,707692308;0,981824537;0,975734792;;;;;;;;;;;;;;;;;;
39;26;53;2808;39;41,5;2;Mountain Lion;MICE PMM;3;15;0,790737504;0,114285714;0,846178702;0,846178702;;0,846178702;0,922063876;;;;0,67645179;;;77;35;18;35;77;0,6;0,981475009;0,973000684;;;;;;;;;;;;;;;;;;
29;36;43;2818;41;10,3;2,145;Mountain Lion;MICE PMM;1;20;0,715562068;0,171428571;0,77939186;0,77939186;;0,77939186;0,888225209;;;;0,544133497;;;77;35;18;35;77;0,446153846;0,98497029;0,973000684;;;;;;;;;;;;;;;;;;
36;29;52;2809;39;28,1;2,043;Mountain Lion;MICE PMM;2;20;0,767835345;0,114285714;0,834618979;0,834618979;;0,834618979;0,916206949;;;;0,653549631;;;77;35;18;35;77;0,553846154;0,981824537;0,972317157;;;;;;;;;;;;;;;;;;
35;30;36;2825;37;47,7;1,999;Mountain Lion;MICE PMM;3;20;0,762939263;0,057142857;0,860990216;0,860990216;;0,860990216;0,929568376;;;;0,705796406;;;77;35;18;35;77;0,538461538;0,987416987;0,977443609;;;;;;;;;;;;;;;;;;
56;9;11;2850;34;85,5;1,706;Mountain Lion;MICE RF;1;1;0,928846826;0,028571429;0,959152288;0,959152288;;0,959152288;0,979303826;;;;0,900275397;;;77;35;18;35;77;0,861538462;0,99615519;0,99316473;;;;;;;;;;;;;;;;;;
50;15;11;2850;33;45,9;1,747;Mountain Lion;MICE RF;2;1;0,88269298;0,057142857;0,921435166;0,921435166;;0,921435166;0,960193818;;;;0,825550123;;;77;35;18;35;77;0,769230769;0,99615519;0,991114149;;;;;;;;;;;;;;;;;;
54;11;12;2849;34;89;1,838;Mountain Lion;MICE RF;3;1;0,913287447;0,028571429;0,951298787;0,951298787;;0,951298787;0,975324719;;;;0,884716018;;;77;35;18;35;77;0,830769231;0,995805662;0,99213944;;;;;;;;;;;;;;;;;;
48;17;13;2848;33;80,7;1,84;Mountain Lion;MICE RF;1;2,5;0,866958836;0,057142857;0,913493454;0,913493454;;0,913493454;0,956170017;;;;0,809815979;;;77;35;18;35;77;0,738461538;0,995456134;0,989747095;;;;;;;;;;;;;;;;;;
50;15;9;2852;34;50,4;1,762;Mountain Lion;MICE RF;2;2,5;0,883042508;0,028571429;0,936032841;0,936032841;;0,936032841;0,967589973;;;;0,854471079;;;77;35;18;35;77;0,769230769;0,996854247;0,991797676;;;;;;;;;;;;;;;;;;
47;18;15;2846;35;100;1,887;Mountain Lion;MICE RF;3;2,5;0,858917001;0;0,938276892;0,938276892;;0,938276892;0,968726959;;;;0,858917001;;;77;35;18;35;77;0,723076923;0,994757078;0,988721805;;;;;;;;;;;;;;;;;;
46;19;19;2842;38;57,5;1,948;Mountain Lion;MICE RF;1;5;0,850525637;0,085714286;0,890777646;0,890777646;;0,890777646;0,944660674;;;;0,764811351;;;77;35;18;35;77;0,707692308;0,993358965;0,987012987;;;;;;;;;;;;;;;;;;
44;21;32;2829;36;94;1,911;Mountain Lion;MICE RF;2;5;0,832869088;0,028571429;0,910708117;0,910708117;;0,910708117;0,954758779;;;;0,80429766;;;77;35;18;35;77;0,676923077;0,9888151;0,981886535;;;;;;;;;;;;;;;;;;
40;25;23;2838;37;67,3;1,958;Mountain Lion;MICE RF;3;5;0,803672734;0,057142857;0,881550185;0,881550185;;0,881550185;0,939985427;;;;0,746529877;;;77;35;18;35;77;0,615384615;0,991960853;0,983595352;;;;;;;;;;;;;;;;;;
40;25;20;2841;40;3,7;2,268;Mountain Lion;MICE RF;1;10;0,804197026;0,142857143;0,838551061;0,838551061;;0,838551061;0,918199204;;;;0,661339883;;;77;35;18;35;77;0,615384615;0,993009437;0,984620643;;;;;;;;;;;;;;;;;;
37;28;36;2825;40;23,6;2,074;Mountain Lion;MICE RF;2;10;0,778323878;0,142857143;0,825491749;0,825491749;;0,825491749;0,911582486;;;;0,635466735;;;77;35;18;35;77;0,569230769;0,987416987;0,978127136;;;;;;;;;;;;;;;;;;
37;28;33;2828;40;9,1;2,178;Mountain Lion;MICE RF;3;10;0,77884817;0,142857143;0,825756382;0,825756382;;0,825756382;0,911716567;;;;0,635991027;;;77;35;18;35;77;0,569230769;0,988465571;0,979152427;;;;;;;;;;;;;;;;;;
37;28;25;2836;40;50,3;1,983;Mountain Lion;MICE RF;1;15;0,780246283;0,142857143;0,826462071;0,826462071;;0,826462071;0,912074116;;;;0,63738914;;;77;35;18;35;77;0,569230769;0,991261797;0,981886535;;;;;;;;;;;;;;;;;;
34;31;25;2836;39;24,5;2,05;Mountain Lion;MICE RF;2;15;0,75716936;0,114285714;0,829235388;0,829235388;;0,829235388;0,913479263;;;;0,642883646;;;77;35;18;35;77;0,523076923;0,991261797;0,980861244;;;;;;;;;;;;;;;;;;
41;24;63;2798;38;68,9;1,953;Mountain Lion;MICE RF;3;15;0,804374479;0,085714286;0,867483134;0,867483134;;0,867483134;0,932858121;;;;0,718660193;;;77;35;18;35;77;0,630769231;0,977979727;0,970266576;;;;;;;;;;;;;;;;;;
18;47;45;2816;46;1;2,263;Mountain Lion;MICE RF;1;20;0,630597155;0,314285714;0,664400082;0,664400082;;0,664400082;0,829962708;;;;0,316311441;;;77;35;18;35;77;0,276923077;0,984271234;0,968557758;;;;;;;;;;;;;;;;;;
22;43;24;2837;44;1,6;2,238;Mountain Lion;MICE RF;2;20;0,665036432;0,257142857;0,710625599;0,710625599;;0,710625599;0,853383637;;;;0,407893574;;;77;35;18;35;77;0,338461538;0,991611325;0,977101846;;;;;;;;;;;;;;;;;;
35;30;52;2809;42;6,4;2,16;Mountain Lion;MICE RF;3;20;0,760143038;0,2;0,787472577;0,787472577;;0,787472577;0,892319439;;;;0,560143038;;;77;35;18;35;77;0,538461538;0,981824537;0,971975393;;;;;;;;;;;;;;;;;;
256;17;926;10429;38;74,2;1,882;White Rhino;Miss Forrest;;1;0,92808948;0,073170732;0,936258799;0,936258799;2546;0,936258799;0,967704458;2546;;;0,854918748;1,872478954;;153;41;12;41;153;0,937728938;0,918450022;0,918902649;11,76470588;0,904761905;0,364306785;0,519453207;0,364306785;0,997625571;0,602861314;0,560111414;0;1;0;1,856667538;1,852917562;1,855196876;94,17638711;91,24796079;87,04987048;88,48601537
251;22;924;10431;40;40,9;1,828;White Rhino;Miss Forrest;;2,5;0,919020038;0,024390244;0,956302704;0,956302704;2546;0,956302704;0,977860037;2546;;;0,894629794;1,830087257;;153;41;12;41;153;0,919413919;0,918626156;0,918644651;18,30065359;0,915750916;0,224014337;0,359971202;0,224014337;0,997812024;0,472783459;0,43153203;0;1;0;1,796895175;1,806369073;1,817238442;87,83734538;86,76495977;80,9888648;83,745618
263;10;1550;9805;34;12,1;1,696;White Rhino;Miss Forrest;;5;0,91343311;0,170731707;0,879617786;0,879617786;2546;0,879617786;0,939006345;2546;;;0,742701403;1,777398568;;153;41;12;41;153;0,963369963;0,863496257;0,865841073;16,99346405;0,952380952;0,219224283;0,356408499;0,219224283;0,998755028;0,467922382;0,43568697;0;1;0;1,75274631;1,76315661;1,774702896;90,55909703;88,32492832;83,98128762;85,10651889
271;2;2762;8593;28;0;1,483;White Rhino;Miss Forrest;;10;0,874716565;0,317073171;0,786210897;0,786210897;2546;0,786210897;0,891680188;2546;;;0,557643394;1,542364587;;153;41;12;41;153;0,992673993;0,756759137;0,762297902;14,37908497;0,989010989;0,128939828;0,228136882;0,128939828;0,999685337;0,359025425;0,326420153;0;1;0;1,609126177;1,626736411;1,65079837;78,90107571;79,93542217;82,03282239;79,71507662
269;4;4488;6867;24;0;1,39;White Rhino;Miss Forrest;;15;0,7950518;0,414634146;0,696757298;0,696757298;2546;0,696757298;0,846357031;2546;;;0,380417653;1,372130166;many errors handle with a little care;153;41;12;41;153;0,985347985;0,604755614;0,61369109;28,75816993;0,978021978;0,084120983;0,154917319;0,084120983;0,999290277;0,289933234;0,245405545;0;1;0;1,483624958;1,499190708;1,527139475;59,1917936;66,39538907;72,61460284;72,12230462
251;22;4122;7233;26;42;1,392;White Rhino;Miss Forrest;;20;0,778201015;0,365853659;0,712873618;0,712873618;2546;0,712873618;0,854522633;2546;;;0,412347357;1,276222724;;153;41;12;41;153;0,919413919;0,636988111;0,643618851;32,02614379;0,967032967;0,071409251;0,132997481;0,071409251;0,998865212;0,267073429;0,216128154;0;1;0;1,429302496;1,441335681;1,468123928;49,04042742;59,46855097;73,60199866;68,44823131
241;32;905;10450;42;100;1,94;White Rhino;Mean Imputation;;1;0,901541655;0,024390244;0,947480598;0,947480598;2546;0,947480598;0,97339017;2546;;;0,877151411;1,992439305;;153;41;12;41;153;0,882783883;0,920299428;0,919418645;11,11111111;0,838827839;0,288050314;0,428838951;0,288050314;0,995938337;0,535612127;0,473351795;0;1;0;2,000680326;2,036451475;1,992260312;81,21924772;84,00877817;80,1719824;82,14207388
241;32;1047;10308;41;98,1;1,946;White Rhino;Mean Imputation;;2,5;0,895288903;0;0,956635386;0,956635386;2546;0,956635386;0,978028595;2546;;;0,895288903;1,972016397;;153;41;12;41;153;0,882783883;0,907793923;0,907206742;15,03267974;0,846153846;0,228939544;0,360374415;0,228939544;0,996044825;0,477529107;0,418277831;0;1;0;1,966800856;2,00674029;1,968350271;78,33167132;81,94619558;80,1719824;80,09919801
249;24;1693;9662;42;100;1,942;White Rhino;Mean Imputation;;5;0,881495299;0,024390244;0,937362324;0,937362324;2546;0,937362324;0,968263577;2546;;;0,857105055;1,92219457;;153;41;12;41;153;0,912087912;0,850902686;0,852339181;21,56862745;0,875457875;0,17916042;0,297448662;0,17916042;0,996697105;0,422573865;0,370131511;0;1;0;1,898951561;1,941589516;1,910570972;75,8931312;80,0003653;78,28399235;78,66328406
259;14;3578;7777;31;42;1,612;White Rhino;Mean Imputation;;10;0,816807235;0,243902439;0,793913996;0,793913996;2546;0,793913996;0,895583091;2546;;;0,572904796;1,608498007;Many error in cluster handle with care;153;41;12;41;153;0,948717949;0,684896521;0,691090471;30,71895425;0,923076923;0,089615932;0,163371151;0,089615932;0,997617967;0,299002448;0,246691304;0;1;0;1,671000541;1,712429539;1,695793634;55,63099651;65,56063777;69,24631589;70,75912552
223;50;3817;7538;36;40,1;1,797;White Rhino;Mean Imputation;;15;0,740349171;0,12195122;0,816876385;0,816876385;2546;0,816876385;0,907217369;2546;;;0,618397951;1,655120776;Many error in cluster handle with care;153;41;12;41;153;0,816849817;0,663848525;0,66744066;41,17647059;0,805860806;0,062767475;0,116463737;0,062767475;0,993475317;0,249715713;0,170448906;0;1;0;1,703083639;1,720718172;1,713111077;31,18600721;49,68130608;64,22606098;60,76267685
235;38;6213;5142;30;0,2;1,558;White Rhino;Mean Imputation;;20;0,65682301;0,268292683;0,700852119;0,700852119;2546;0,700852119;0,84843174;2546;;;0,388530327;1,228948333;many mistakes handle with care;153;41;12;41;153;0,860805861;0,452840159;0,462418301;45,75163399;0,871794872;0,045041635;0,085657729;0,045041635;0,994482976;0,211643897;0,129973767;0;1;0;1,437457034;1,441713347;1,418072304;7,720285805;32,86337634;48,4597513;54,2804297
188;85;94;11261;59;41;;White Rhino;Deletion of every row with missing values;;1;0,840183199;0,43902439;0,707226268;0,707226268;;0,707226268;0,851661309;2390;;;0,401158808;2,103080869;;153;41;12;41;153;0,688644689;0,991721708;0,984606123;12,41830065;0,827838828;0,342943854;0,484978541;0,342943854;0,995715197;0,584358116;0,517147013;0;1;0;2,032867427;2,055289729;2,038001155;89,22122019;83,92951973;85,15260691;85,18095836
158;115;107;11248;64;0;2,588;White Rhino;Deletion of every row with missing values;;2,5;0,784665709;0,56097561;0,617650031;0,617650031;;0,617650031;0,806276016;2192;;;0,223690099;2,184406809;;153;41;12;41;153;0,578754579;0,990576838;0,980908153;20,26143791;0,783882784;0,319880419;0,454352442;0,319880419;0,994616297;0,564055208;0,483659524;0;1;0;2,077993403;2,103448035;2,086085127;84,34211265;80,94150661;84,13274036;82,39880074
206;67;778;10577;49;41;2,339;White Rhino;Deletion of every row with missing values;;5;0,843031341;0,195121951;0,831772102;0,831772102;;0,831772102;0,914764532;1933;;;0,64790939;2,333396174;;153;41;12;41;153;0,754578755;0,931483928;0,927330581;25,49019608;0,652014652;0,263703704;0,375527426;0,263703704;0,991326577;0,511289047;0,393854024;0;1;0;2,211866392;2,244304745;2,228542376;70,11662124;72,26241642;72,43294991;74,40755095
82;138;189;8237;59;39;2,509;White Rhino;Deletion of every row with missing values;;10;0,67514835;0,43902439;0,623925946;0,575145458;;0,575145458;0,784740365;1594;;;0,23612396;2,91308383;many mistakes handle with care;153;41;12;39;132;0,372727273;0,977569428;0,962179042;36,36363636;0,281818182;0,350282486;0,312342569;0,350282486;0,981343724;0,586299854;0,298214997;2;0,951219512;0,048780488;2,616023702;2,625896014;2,611423638;43,05232476;54,07927443;71,4089228;61,80754465
19;97;55;4294;58;;;White Rhino;Deletion of every row with missing values;;15;0,575573259;0,414634146;0,585976858;0,488415882;;0,488415882;0,74079738;1426;;;0,160939113;3,061120297;;153;41;12;37;97;0,163793103;0,987353415;0,965957447;37,11340206;0,120689655;0,325581395;0,176100629;0,325581395;0,976933514;0,56397817;0,185723424;4;0,902439024;0,097560976;2,56250784;2,530882782;2,54798149;49,81079209;59,0352693;61,47447407;61,82699961
6;27;11;1231;38;;;White Rhino;Deletion of every row with missing values;;20;0,58648075;0,073170732;0,763833899;0,446760728;;0,446760728;0,719692102;1341;;;0,513310018;2,768847286;;153;41;12;28;51;0,181818182;0,991143317;0,970196078;39,21568627;0,121212121;0,4;0,186046512;0,4;0,977075099;0,62516401;0,209486166;13;0,682926829;0,317073171;2,295638735;2,336230326;2,328841902;42,20267905;46,47472945;61,83427792;69,11642772
253;20;723;10632;42;;;White Rhino;Control;;0;0,931533768;0,024390244;0,962618932;0,962618932;2546;0,962618932;0,981060259;2546;;;0,907143524;1,918315399;;153;41;12;41;153;0,926739927;0,936327609;0,936102511;11,11111111;0,893772894;0,35413643;0,507276507;0,35413643;0,997348935;0,594304292;0,548063368;0;1;0;1,920350211;1,915756882;1,924910624;93,64979435;90,25693662;86,96121442;86,86154977
256;17;926;10429;38;74,2;1,882;White Rhino;MIssRanger;;1;0,92808948;0,073170732;0,936258799;0,936258799;2546;0,936258799;0,967704458;2546;;;0,854918748;1,850850761;;153;41;12;41;153;0,937728938;0,918450022;0,918902649;9,150326797;0,893772894;0,356725146;0,509926855;0,356725146;0,997350146;0,596472863;0,55022057;0;1;0;1,867900763;1,878515572;1,842238589;94,03205542;89,18664509;87,04987048;86,937601
251;22;924;10431;40;42;1,828;White Rhino;MIssRanger;;2,5;0,919020038;0,024390244;0,956302704;0,956302704;2546;0,956302704;0,977860037;2546;;;0,894629794;1,841506841;;153;41;12;41;153;0,919413919;0,918626156;0,918644651;18,95424837;0,897435897;0,230914232;0,367316342;0,230914232;0,997350241;0,479898286;0,434107188;0;1;0;1,821352584;1,843477818;1,815047329;87,95516615;84,94967579;81,09287095;82,47230226
258;15;1053;10302;38;12,5;1,733;White Rhino;MIssRanger;;5;0,926160233;0,073170732;0,935285024;0,935285024;2546;0,935285024;0,967211079;2546;;;0,852989502;1,661076177;;153;41;12;41;153;0,945054945;0,907265522;0,908152735;14,37908497;0,963369963;0,166666667;0,284170719;0,166666667;0,999004975;0,408045131;0,374722537;0;1;0;1,696845269;1,724762253;1,704997238;86,14490237;83,11532251;83,91507408;81,43476079
259;14;1799;9556;35;;;White Rhino;MIssRanger;;10;0,89514277;0,146341463;0,882696675;0,882696675;2546;0,882696675;0,940566315;2546;;;0,748801307;1,577526604;;153;41;12;41;153;0,948717949;0,841567591;0,844083247;13,07189542;0,985347985;0,146036916;0,254373522;0,146036916;0,999591253;0,382069659;0,351170411;0;1;0;1,643807598;1,673857349;1,657004202;83,9685147;81,41552394;81,84590224;80,55761787
258;15;2298;9057;33;8,2;1,668;White Rhino;MIssRanger;;15;0,871338569;0,195121951;0,846060001;0,846060001;2546;0,846060001;0,922003734;2546;;;0,676216618;1,561018815;;153;41;12;41;153;0,945054945;0,797622193;0,801083591;26,79738562;0,948717949;0,108187135;0,194225722;0,108187135;0,998483864;0,32866869;0,284858036;0;1;0;1,610116634;1,637917995;1,627883853;70,57347094;72,4706231;75,6916549;74,75354785
207;66;2240;9115;39;35;1,814;White Rhino;MIssRanger;;20;0,780485917;0,048780488;0,874067636;0,874067636;2546;0,874067636;0,936194269;2546;;;0,731705429;1,680215834;;153;41;12;41;153;0,758241758;0,802730075;0,801685587;32,02614379;0,893772894;0,10927004;0,194732642;0,10927004;0,996913252;0,330049619;0,276232037;0;1;0;1,682395361;1,70633519;1,698206183;67,45178295;70,79555164;69,42251606;72,95063105
250;23;669;10686;40;91,6;1,899;White Rhino;MICE PMM;1;1;0,92841707;0,024390244;0,961045798;0,961045798;;0,961045798;0,980263204;;;;0,904026826;;;153;41;12;41;153;0,915750916;0,941083223;0,940488476;;;;;;;;;;;;;;;;;;
234;39;616;10739;44;2,4;2,228;White Rhino;MICE PMM;2;1;0,901446814;0,073170732;0,922811078;0,922811078;;0,922811078;0,960890946;;;;0,828276082;;;153;41;12;41;153;0,857142857;0,945750771;0,943670451;;;;;;;;;;;;;;;;;;
247;26;680;10675;45;25,2;2,042;White Rhino;MICE PMM;3;1;0,922438196;0,097560976;0,921095523;0,921095523;;0,921095523;0,960021732;;;;0,82487722;;;153;41;12;41;153;0,904761905;0,940114487;0,939284486;;;;;;;;;;;;;;;;;;
235;38;735;10620;42;97,3;1,951;White Rhino;MICE PMM;1;2,5;0,898038333;0,024390244;0,945712318;0,945712318;;0,945712318;0,972494241;;;;0,873648089;;;153;41;12;41;153;0,860805861;0,935270806;0,933522532;;;;;;;;;;;;;;;;;;
203;43;894;10461;44;47,1;2,038;White Rhino;MICE PMM;2;2,5;0,873235708;0,073170732;0,908571696;0,908571696;;0,908571696;0,953676326;;;;0,800064976;;;153;41;12;41;153;0,825203252;0,921268164;0,919231101;;;;;;;;;;;;;;;;;;
237;37;779;10576;45;55,7;2,002;White Rhino;MICE PMM;3;2,5;0,898179682;0,097560976;0,908851188;0,908851188;;0,908851188;0,953817935;;;;0,800618707;;;153;41;12;41;153;0,864963504;0,931395861;0,929830596;;;;;;;;;;;;;;;;;;
247;26;1055;10300;41;100;1,913;White Rhino;MICE PMM;1;5;0,905925646;0;0,962004216;0,962004216;;0,962004216;0,980748803;;;;0,905925646;;;153;41;12;41;153;0,904761905;0,907089388;0,907034744;;;;;;;;;;;;;;;;;;
246;27;1051;10304;40;67,3;1,885;White Rhino;MICE PMM;2;5;0,904270278;0,024390244;0,948857854;0,948857854;;0,948857854;0,974087979;;;;0,879880034;;;153;41;12;41;153;0,901098901;0,907441656;0,907292742;;;;;;;;;;;;;;;;;;
249;24;1005;10350;42;60,2;1,994;White Rhino;MICE PMM;3;5;0,911790323;0,024390244;0,952653551;0,952653551;;0,952653551;0,976011132;;;;0,887400079;;;153;41;12;41;153;0,912087912;0,911492734;0,911506708;;;;;;;;;;;;;;;;;;
245;28;1600;9755;42;69,1;1,961;White Rhino;MICE PMM;1;10;0,878264404;0,024390244;0,93573155;0,93573155;;0,93573155;0,967437318;;;;0,85387416;;;153;41;12;41;153;0,897435897;0,859092911;0,85999312;;;;;;;;;;;;;;;;;;
234;39;1604;9751;37;49,8;1,869;White Rhino;MICE PMM;2;10;0,85794175;0,097560976;0,88854134;0,88854134;;0,88854134;0,943527612;;;;0,760380774;;;153;41;12;41;153;0,857142857;0,858740643;0,85870313;;;;;;;;;;;;;;;;;;
248;25;1595;9760;41;100;1,897;White Rhino;MICE PMM;3;10;0,883979077;0;0,950926821;0,950926821;;0,950926821;0,975136256;;;;0,883979077;;;153;41;12;41;153;0,908424908;0,859533245;0,860681115;;;;;;;;;;;;;;;;;;
188;85;1840;9515;41;100;1,942;White Rhino;MICE PMM;1;15;0,763300768;0;0,890015188;0,890015188;;0,890015188;0,944274362;;;;0,763300768;;;153;41;12;41;153;0,688644689;0,837956847;0,834451324;;;;;;;;;;;;;;;;;;
220;53;2580;8775;39;59,1;1,885;White Rhino;MICE PMM;2;15;0,789324062;0,048780488;0,878528635;0,878528635;;0,878528635;0,938454509;;;;0,740543574;;;153;41;12;41;153;0,805860806;0,772787318;0,773563811;;;;;;;;;;;;;;;;;;
201;72;1937;9424;41;100;1,921;White Rhino;MICE PMM;3;15;0,782884091;0;0,89989975;0,89989975;;0,89989975;0,94928254;;;;0,782884091;;;153;41;12;41;153;0,736263736;0,829504445;0,827316486;;;;;;;;;;;;;;;;;;
173;100;2099;9256;44;52,4;2,008;White Rhino;MICE PMM;1;20;0,724423573;0,073170732;0,833459688;0,833459688;;0,833459688;0,915619575;;;;0,651252841;;;153;41;12;41;153;0,633699634;0,815147512;0,810887513;;;;;;;;;;;;;;;;;;
214;59;3190;8165;36;6,3;1,75;White Rhino;MICE PMM;2;20;0,751474637;0,12195122;0,822491896;0,822491896;;0,822491896;0,910062561;;;;0,629523418;;;153;41;12;41;153;0,783882784;0,719066491;0,720588235;;;;;;;;;;;;;;;;;;
167;106;2256;9099;43;63,6;2,001;White Rhino;MICE PMM;3;20;0,706521308;0,048780488;0,836734456;0,836734456;;0,836734456;0,917278791;;;;0,65774082;;;153;41;12;41;153;0,611721612;0,801321004;0,796869625;;;;;;;;;;;;;;;;;;
256;17;758;10597;40;98;1,927;White Rhino;MICE RF;1;1;0,935487102;0,024390244;0,964614353;0,964614353;;0,964614353;0,982071272;;;;0,911096858;;;153;41;12;41;153;0,937728938;0,933245266;0,933350533;;;;;;;;;;;;;;;;;;
252;21;780;10575;41;100;1,948;White Rhino;MICE RF;2;1;0,927192359;0;0,972738458;0,972738458;;0,972738458;0,986187485;;;;0,927192359;;;153;41;12;41;153;0,923076923;0,931307794;0,931114551;;;;;;;;;;;;;;;;;;
253;20;752;10603;40;61;1,838;White Rhino;MICE RF;3;1;0,930256797;0,024390244;0,961974389;0,961974389;;0,961974389;0,980733691;;;;0,905866553;;;153;41;12;41;153;0,926739927;0,933773668;0,933608531;;;;;;;;;;;;;;;;;;
231;42;865;10490;44;46,4;2,017;White Rhino;MICE RF;1;2,5;0,884987975;0,073170732;0,91450358;0,91450358;;0,91450358;0,956681814;;;;0,811817244;;;153;41;12;41;153;0,846153846;0,923822105;0,921998624;;;;;;;;;;;;;;;;;;
228;45;894;10461;44;24,4;2,079;White Rhino;MICE RF;2;2,5;0,878216499;0,073170732;0,91108572;0,91108572;;0,91108572;0,954950098;;;;0,805045768;;;153;41;12;41;153;0,835164835;0,921268164;0,919246646;;;;;;;;;;;;;;;;;;
246;27;970;10385;43;66,1;1,999;White Rhino;MICE RF;3;2,5;0,907836989;0,048780488;0,938347304;0,938347304;;0,938347304;0,968762634;;;;0,859056501;;;153;41;12;41;153;0,901098901;0,914575077;0,914258686;;;;;;;;;;;;;;;;;;
250;23;1174;10181;39;69,8;1,9;White Rhino;MICE RF;1;5;0,906180169;0,048780488;0,937511035;0,937511035;;0,937511035;0,968338924;;;;0,857399682;;;153;41;12;41;153;0,915750916;0,896609423;0,897058824;;;;;;;;;;;;;;;;;;
238;35;1048;10307;43;20,4;2,099;White Rhino;MICE RF;2;5;0,889750364;0,048780488;0,929218192;0,929218192;;0,929218192;0,964137217;;;;0,840969876;;;153;41;12;41;153;0,871794872;0,907705856;0,906862745;;;;;;;;;;;;;;;;;;
241;32;1166;10189;39;61,5;1,886;White Rhino;MICE RF;3;5;0,890048921;0,048780488;0,929368886;0,929368886;;0,929368886;0,964213569;;;;0,841268433;;;153;41;12;41;153;0,882783883;0,897313959;0,896972824;;;;;;;;;;;;;;;;;;
225;48;1872;9483;41;100;1,931;White Rhino;MICE RF;1;10;0,829657265;0;0,923508221;0,923508221;;0,923508221;0,961244165;;;;0,829657265;;;153;41;12;41;153;0,824175824;0,835138705;0,834881321;;;;;;;;;;;;;;;;;;
232;41;2008;9347;36;46,6;1,821;White Rhino;MICE RF;2;10;0,836489226;0,12195122;0,865402485;0,865402485;;0,865402485;0,931803926;;;;0,714538007;;;153;41;12;41;153;0,84981685;0,823161603;0,82378741;;;;;;;;;;;;;;;;;;
228;45;1639;9716;44;11,4;2,112;White Rhino;MICE RF;3;10;0,845411568;0,073170732;0,894527633;0,894527633;;0,894527633;0,946560667;;;;0,772240836;;;153;41;12;41;153;0,835164835;0,8556583;0,855177159;;;;;;;;;;;;;;;;;;
222;51;2920;9035;39;88,7;1,885;White Rhino;MICE RF;1;15;0,784468773;0,048780488;0,876077958;0,876077958;;0,876077958;0,937212832;;;;0,735688285;;;153;41;12;41;153;0,813186813;0,755750732;0,757033039;;;;;;;;;;;;;;;;;;
172;101;1984;9371;49;0,8;2,21;White Rhino;MICE RF;2;15;0,72765592;0,195121951;0,773537069;0,773537069;;0,773537069;0,885258782;;;;0,532533968;;;153;41;12;41;153;0,63003663;0,825275209;0,820691434;;;;;;;;;;;;;;;;;;
144;129;1534;9821;43;45,7;2,045;White Rhino;MICE RF;3;15;0,696188928;0,048780488;0,831519251;0,831519251;;0,831519251;0,91463642;;;;0,64740844;;;153;41;12;41;153;0,527472527;0,864905328;0,856983144;;;;;;;;;;;;;;;;;;
192;81;3098;8257;44;47,2;2,003;White Rhino;MICE RF;1;20;0,715232676;0,073170732;0,82882064;0,82882064;;0,82882064;0,913269124;;;;0,642061944;;;153;41;12;41;153;0,703296703;0,727168648;0,726608187;;;;;;;;;;;;;;;;;;
63;210;947;10408;56;2,5;2,307;White Rhino;MICE RF;2;20;0,573684924;0,365853659;0,609645382;0,609645382;;0,609645382;0,802220327;;;;0,207831265;;;153;41;12;41;153;0,230769231;0,916600616;0,900498796;;;;;;;;;;;;;;;;;;
149;124;2173;9182;46;31,9;2,049;White Rhino;MICE RF;3;20;0,677209053;0,12195122;0,7850068;0,7850068;;0,7850068;0,891070112;;;;0,555257833;;;153;41;12;41;153;0,545787546;0,808630559;0,80245958;;;;;;;;;;;;;;;;;;
